cate,sub_cate,pdName,pdImg
SKINCARE,클렌징,에그 화이트 퍼펙트 포어 머랭 폼,https://www.theskinfood.com/custom/goods/webImg/b0008e50-8fa7-48c1-a26c-cb166d9e4837.jpg
SKINCARE,클렌징,에그 화이트 퍼펙트 포어 클렌징 폼,https://www.theskinfood.com/custom/goods/webImg/20b776e5-5469-415e-839f-2cec49727bbf.jpg
SKINCARE,클렌징,허니 밀 클렌징 폼,https://www.theskinfood.com/custom/goods/optnImg/6cbaea82-91d9-4b84-8195-a5859a8f5a12.jpg
SKINCARE,클렌징,블랙슈가 퍼펙트 오일 클렌징 티슈,https://www.theskinfood.com/custom/goods/webImg/512388d4-f724-436a-8b3d-2d44917c4b54.jpg
SKINCARE,클렌징,블랙슈가 퍼펙트 버블폼,https://www.theskinfood.com/custom/goods/webImg/0e4adc16-08c4-4286-bdc0-0ac889fe0774.jpg
SKINCARE,클렌징,비터 그린 클레이 투 폼,https://www.theskinfood.com/custom/goods/webImg/ea054a9d-fe74-4cd6-9563-0cecfd036a91.jpg
SKINCARE,클렌징,티트리 소프트 버블 폼,https://www.theskinfood.com/custom/goods/webImg/b54f23cb-185d-420b-b548-141638e95d78.jpg
SKINCARE,클렌징,티트리 클렌징 폼,https://www.theskinfood.com/custom/goods/optnImg/094a2491-f93b-4010-b661-449dfb4974c3.jpg
SKINCARE,클렌징,블랙슈가 퍼펙트 스크럽 폼,https://www.theskinfood.com/custom/goods/webImg/5d0f8ba0-a3ae-4be7-95a3-fabaca33b3b2.jpg
SKINCARE,클렌징,렛츠 무스 치즈  클렌징 폼 JUMBO ,https://www.theskinfood.com/custom/goods/webImg/b69c81b6-d361-4a32-b611-847e77b0d2ca.jpg
SKINCARE,클렌징,렛츠 밀키 밀크  클렌징 폼 JUMBO,https://www.theskinfood.com/custom/goods/webImg/6d51c9df-a2fc-44bb-a0fb-75f41bd7a15b.jpg
SKINCARE,클렌징,렛츠 프레시 요거트  클렌징 폼 JUMBO,https://www.theskinfood.com/custom/goods/webImg/60b2518b-2a66-4f35-aa0e-83926b7b0cf5.jpg
SKINCARE,클렌징,렛츠 밀키 밀크 버블 클렌저,https://www.theskinfood.com/custom/goods/webImg/b481f64f-1fbb-4e57-abd0-718210bb0ad9.jpg
SKINCARE,클렌징,렛츠 클렌징 폼,https://www.theskinfood.com/custom/goods/optnImg/121541e4-45ed-4198-993e-5e0c4255ac2d.jpg
SKINCARE,클렌징,라이스 백미 스크럽 폼,https://www.theskinfood.com/custom/goods/webImg/1819_1_m.jpg
SKINCARE,클렌징,라이스 백미 클렌징 폼,https://www.theskinfood.com/custom/goods/webImg/1818_1_m.jpg
SKINCARE,클렌징,로열허니 착한 클렌저,https://www.theskinfood.com/custom/goods/webImg/1424-6_1_m.jpg
SKINCARE,클렌징,에그 화이트 포어 하드 폼,https://www.theskinfood.com/custom/goods/webImg/83-14_1_m.jpg
SKINCARE,클렌징,어린잎 퓨어 브로콜리 세안 폼,https://www.theskinfood.com/custom/goods/webImg/1619_1_m.jpg
SKINCARE,클렌징,파슬리 앤 만다린 마일드 폼,https://www.theskinfood.com/custom/goods/webImg/894_D_m.jpg
SKINCARE,클렌징,에그 화이트 퍼펙트 포어 클렌징 오일,https://www.theskinfood.com/custom/goods/webImg/8caf1977-fc16-4ac1-bdc1-dec045e154d7.jpg
SKINCARE,클렌징,블랙슈가 퍼펙트 클렌징 밤,https://www.theskinfood.com/custom/goods/webImg/5769e5aa-aa3f-4094-8411-14e279c292ae.jpg
SKINCARE,클렌징,블랙슈가 퍼펙트 클렌징 오일,https://www.theskinfood.com/custom/goods/webImg/a490c639-c7fc-4bf2-86fe-fa20c22b42bf.jpg
SKINCARE,클렌징,라이스 백미 클렌징 오일,https://www.theskinfood.com/custom/goods/webImg/1816_1_m.jpg
SKINCARE,클렌징,허니 밀 촉촉 클렌징 크림,https://www.theskinfood.com/custom/goods/webImg/e28d7a84-0364-4fe3-9712-35155cdb238f.jpg
SKINCARE,클렌징,블랙슈가 퍼펙트 클렌징 크림,https://www.theskinfood.com/custom/goods/webImg/fd740bf1-1b65-47fc-a4e7-6f9fa82e5252.jpg
SKINCARE,클렌징,라이스 백미 클렌징 크림,https://www.theskinfood.com/custom/goods/webImg/1817_1_m.jpg
SKINCARE,클렌징,에그 화이트 퍼펙트 포어 클렌징 워터,https://www.theskinfood.com/custom/goods/webImg/cc32a86c-9c66-48e4-8ac0-570e97b7a0dd.jpg
SKINCARE,클렌징,비터 그린 딥 클렌징 젤,https://www.theskinfood.com/custom/goods/webImg/e4d9257e-5920-4b15-9384-919c4a94d9c0.jpg
SKINCARE,클렌징,블랙슈가 퍼펙트 클렌징 세럼,https://www.theskinfood.com/custom/goods/webImg/a67656ce-f87e-40b7-9a02-6b7abd2e1c2b.jpg
SKINCARE,클렌징,라이스 백미 쌀겨수 클렌징 워터,https://www.theskinfood.com/custom/goods/webImg/1820_1_m.jpg
SKINCARE,클렌징,허니 밀 촉촉 클렌징 티슈,https://www.theskinfood.com/custom/goods/webImg/3dddcaa0-285f-45a5-baff-c45d96dcf4ac.jpg
SKINCARE,클렌징,라이스 백미 클렌징 티슈,https://www.theskinfood.com/custom/goods/webImg/6ff603e1-1e86-46a9-8efc-6cf4778a7d16.jpg
SKINCARE,클렌징,레몬 브라이트닝 클렌징 티슈,https://www.theskinfood.com/custom/goods/webImg/1537_1_m.jpg
SKINCARE,클렌징,수박 엠보싱 클렌징 티슈,https://www.theskinfood.com/custom/goods/webImg/1408_1_m.jpg
SKINCARE,클렌징,현미 오일 클렌징 티슈,https://www.theskinfood.com/custom/goods/webImg/8b3b3756-a97d-4e95-95fc-1fcd30e67ba5.jpg
SKINCARE,클렌징,프레시 샐러리 클렌징 티슈,https://www.theskinfood.com/custom/goods/webImg/83-1_D_m.jpg
SKINCARE,클렌징,바나나몬드 쉐이킹 포인트 메이크업 리무버,https://www.theskinfood.com/custom/goods/webImg/4fad8c07-cc0a-4563-b1dd-fe9829c152d3.jpg
SKINCARE,클렌징,로즈 쉐이크 포인트 메이크업 리무버,https://www.theskinfood.com/custom/goods/webImg/1729_1(16)_m.jpg
SKINCARE,클렌징,밀크쉐이크 포인트 메이크업 리무버,https://www.theskinfood.com/custom/goods/webImg/381-2_1(4)_m.jpg
SKINCARE,팩/마스크,유자 수분씨 비타 부스팅 페이스 마스크,https://www.theskinfood.com/custom/goods/webImg/7239eff8-13ed-44bb-8e32-f487173ea43c.jpg
SKINCARE,팩/마스크,블랙슈가 퍼펙트 에센셜 스크럽 2엑스 (BBH),https://www.theskinfood.com/custom/goods/webImg/12735840-5593-40bd-a9c6-e58f63be7885.jpg
SKINCARE,팩/마스크,젤리포,https://www.theskinfood.com/custom/goods/optnImg/f3d9d909-cf95-481c-998d-e11fecc7ef1f.jpg
SKINCARE,팩/마스크,프레쉬메이드 파인애플 마스크,https://www.theskinfood.com/custom/goods/webImg/da45ad93-33af-484a-a51e-07fd5028cf3d.jpg
SKINCARE,팩/마스크,프레쉬메이드 애플 마스크,https://www.theskinfood.com/custom/goods/webImg/24b8583b-6cd0-4c71-a885-84916a765297.jpg
SKINCARE,팩/마스크,프레쉬메이드 레몬 마스크,https://www.theskinfood.com/custom/goods/webImg/f13f1512-9d4e-4ebc-b227-8954e567d323.jpg
SKINCARE,팩/마스크,프레쉬메이드 코코넛 마스크,https://www.theskinfood.com/custom/goods/webImg/f3d28aa7-b061-48be-a8fb-28bdc0c9bbb4.jpg
SKINCARE,팩/마스크,프레쉬메이드 크랜베리 마스크,https://www.theskinfood.com/custom/goods/webImg/e0386b10-e08e-422a-b577-96ace3aba51a.jpg
SKINCARE,팩/마스크,프레쉬메이드 워터멜론 마스크 ,https://www.theskinfood.com/custom/goods/webImg/5bed660e-b566-4b2d-9805-59b444c41311.jpg
SKINCARE,팩/마스크,풋사과 모공 팩,https://www.theskinfood.com/custom/goods/webImg/847db147-9a94-4fc7-9215-0815cfdf7982.jpg
SKINCARE,팩/마스크,에그 화이트 포어 쿨 머랭 팩,https://www.theskinfood.com/custom/goods/webImg/2e26194f-1314-4abb-af77-991cc98cb01a.jpg
SKINCARE,팩/마스크,에그 화이트 포어 핫 스팀팩,https://www.theskinfood.com/custom/goods/webImg/05c87618-d714-4c67-a153-5be892c1b84d.jpg
SKINCARE,팩/마스크,비터 그린 클레이 수딩 마스크,https://www.theskinfood.com/custom/goods/webImg/da1901a7-8f38-4e38-b2da-3b419284590c.jpg
SKINCARE,팩/마스크,발사믹 오일 필링 마스크,https://www.theskinfood.com/custom/goods/webImg/d4927203-7d4b-44d1-8f02-6b82ca9ca50b.jpg
SKINCARE,팩/마스크,발사믹 오일 필링 마일드 젤,https://www.theskinfood.com/custom/goods/webImg/d4fb3e27-2823-4973-9465-f3c93183f7ac.jpg
SKINCARE,팩/마스크,블랙슈가 퍼펙트 에센셜 스크럽 2엑스,https://www.theskinfood.com/custom/goods/webImg/73631c48-664f-46d9-b81f-4580b6874d32.jpg
SKINCARE,팩/마스크,블랙슈가 허니 마스크 워시 오프,https://www.theskinfood.com/custom/goods/webImg/62-16_1(2)_m.jpg
SKINCARE,팩/마스크,에그 화이트 포어 마스크,https://www.theskinfood.com/custom/goods/webImg/83-11_1_m.jpg
SKINCARE,팩/마스크,파인애플 필링젤,https://www.theskinfood.com/custom/goods/webImg/932c68da-51b2-4dd9-9419-75f5ae91ed0e.jpg
SKINCARE,팩/마스크,라이스 마스크 워시 오프,https://www.theskinfood.com/custom/goods/webImg/63_1(2)_m.jpg
SKINCARE,팩/마스크,블랙슈가 마스크 워시 오프,https://www.theskinfood.com/custom/goods/webImg/62_1(6)_m.jpg
SKINCARE,팩/마스크,블랙슈가 스트로베리 마스크 워시 오프,https://www.theskinfood.com/custom/goods/webImg/62-13_1_m.jpg
SKINCARE,팩/마스크,로열 허니 프로폴리스 호일 장벽 마스크 시트 세트(4개입 세트),https://www.theskinfood.com/custom/goods/webImg/fc507ff0-78fe-42c6-9bd5-4360fd5cb7a9.jpg
SKINCARE,팩/마스크,로열허니 프로폴리스 호일 장벽 마스크 시트,https://www.theskinfood.com/custom/goods/webImg/03b731cd-b52a-4598-9dd9-6310b372a0e8.jpg
SKINCARE,팩/마스크,헬시 푸드 마스크 시트 ,https://www.theskinfood.com/custom/goods/optnImg/fdcacd0c-20bd-46a5-aa06-d5d6abf628b1.jpg
SKINCARE,팩/마스크,티트리 시크릿 스팟 패치,https://www.theskinfood.com/custom/goods/webImg/95d66508-15c9-44b9-95a7-beafe3ff3535.jpg
SKINCARE,팩/마스크,로열허니 프로폴리스 장벽,https://www.theskinfood.com/custom/goods/webImg/52853499-0d90-4f5b-b1e5-0fb49da540c2.jpg
SKINCARE,팩/마스크,시어버터 핸드 &amp; 풋 마스크,https://www.theskinfood.com/custom/goods/optnImg/2618d7c5-1c99-4f03-be23-b63830acb259.jpg
SKINCARE,팩/마스크,블랙슈가 퍼펙트 마스크 시트 2엑스 에센셜,https://www.theskinfood.com/custom/goods/webImg/87e23bf6-f827-4c81-9a37-614150ee55e7.jpg
SKINCARE,팩/마스크,부스팅 주스 투스텝 마스크 시트,https://www.theskinfood.com/custom/goods/optnImg/68118f69-6ee1-4c5d-a450-b5798c0218ca.jpg
SKINCARE,팩/마스크,듀얼 이펙트 마스크 시트,https://www.theskinfood.com/custom/goods/optnImg/68a871b3-0a8b-4ee0-9a25-259c7d40c445.jpg
SKINCARE,팩/마스크,리얼 티 겔 마스크,https://www.theskinfood.com/custom/goods/optnImg/cb23f976-f59f-4452-a25b-efa6097cf557.jpg
SKINCARE,팩/마스크,마린 푸드 겔 마스크,https://www.theskinfood.com/custom/goods/optnImg/c65e3909-1ee3-40ce-bafd-f45bcc4e03c2.jpg
SKINCARE,팩/마스크,미인(美-in) 푸드 마스크 시트,https://www.theskinfood.com/custom/goods/optnImg/67b28236-38fc-4326-a75f-ba6ea8a0f30f.jpg
SKINCARE,팩/마스크,미라클 푸드 10 솔루션 아이패치 &amp; 마스크 시트,https://www.theskinfood.com/custom/goods/webImg/ae22f281-9717-47c9-85f7-3aded69044e6.jpg
SKINCARE,팩/마스크,흑석류 마스크 시트 (주름개선 기능성 화장품),https://www.theskinfood.com/custom/goods/webImg/ec93d6e5-6fed-4157-bc69-bf02f726cc5f.jpg
SKINCARE,팩/마스크,에브리데이 페이셜 마스크시트,https://www.theskinfood.com/custom/goods/optnImg/965a5671-d48e-490a-847f-dab5e04004ea.jpg
SKINCARE,팩/마스크,하이드로 피팅 달팽이 마스크 시트 (수분 공급) 5매,https://www.theskinfood.com/custom/goods/webImg/bd2d6ecd-b0a1-43d1-b7ec-fedc1117d377.jpg
SKINCARE,팩/마스크,골드 캐비어 콜라겐 마스크 시트,https://www.theskinfood.com/custom/goods/webImg/4ac32fa6-dac9-4cba-abee-7b3338fbdb6c.jpg
SKINCARE,팩/마스크,뷰티 레시피 토마토 스프 슬리핑 팩,https://www.theskinfood.com/custom/goods/webImg/ecccc422-99cb-4a4b-a70c-fbe55289076e.jpg
SKINCARE,팩/마스크,뷰티 레시피 아보카도 스프 슬리핑 팩,https://www.theskinfood.com/custom/goods/webImg/e1649365-7d71-4a7a-8e51-24f032093432.jpg
SKINCARE,팩/마스크,뷰티 레시피 단호박 스프 슬리핑 팩,https://www.theskinfood.com/custom/goods/webImg/3c2d7be5-e9d1-4fe5-95e3-c57f22087caa.jpg
SKINCARE,팩/마스크,비터 그린 토너 앤 마스크,https://www.theskinfood.com/custom/goods/webImg/f7d4de0b-7032-4d3a-8748-2e5b1274a933.jpg
SKINCARE,팩/마스크,발사믹 오일 필링 오버나이트 세럼 앤 마스크 ,https://www.theskinfood.com/custom/goods/webImg/d24b468b-4f3e-40c7-a9ca-93e0dd910b85.jpg
SKINCARE,팩/마스크,프리미엄 토마토 화이트닝 슬리핑팩 (미백 기능성 화장품),https://www.theskinfood.com/custom/goods/webImg/971362c8-fb58-4458-ae3b-902d35b6cbdb.jpg
SKINCARE,팩/마스크,흑석류 터치 마스크 -수면팩 겸용- (주름개선 기능성 화장품),https://www.theskinfood.com/custom/goods/webImg/0dc7f528-e6b8-414f-985d-76e3fa5bb26c.jpg
SKINCARE,팩/마스크,프리미엄 토마토 뽀얀 민낯 팩,https://www.theskinfood.com/custom/goods/webImg/d5bb82d9-4908-4c4d-a7bb-7a4f8d22612f.jpg
SKINCARE,팩/마스크,에그 화이트 필오프 코팩,https://www.theskinfood.com/custom/goods/webImg/dd8879aa-7473-4ca1-9556-ee2031d1f032.jpg
SKINCARE,팩/마스크,석류 콜라겐 마스크,https://www.theskinfood.com/custom/goods/optnImg/324e2b5e-6e8c-4337-81f4-b581092d709b.jpg
SKINCARE,팩/마스크,에그 화이트 퍼펙트 코팩,https://www.theskinfood.com/custom/goods/webImg/a1002b11-3bdb-4792-b227-703fa6c85831.jpg
SKINCARE,팩/마스크,트러블 클리어 스팟패치,https://www.theskinfood.com/custom/goods/webImg/d9ecbcc9-477f-4581-957d-6703fe1f6a8a.jpg
SKINCARE,팩/마스크,에그 화이트 코팩 (진정),https://www.theskinfood.com/custom/goods/webImg/19630513-bd0f-4d81-aa19-29cc3df5ac85.jpg
SKINCARE,팩/마스크,에그 화이트 팩 (필오프·이마·턱 팩),https://www.theskinfood.com/custom/goods/webImg/1cef9aa1-5c4e-4e34-aba6-57bcba61b59f.jpg
SKINCARE,토너,트러플에이지디파잉토너 ,https://www.theskinfood.com/custom/goods/webImg/2a3dfd47-2100-4c35-bdb7-bdf950321e20.jpg
SKINCARE,토너,진생 열매 리,https://www.theskinfood.com/custom/goods/webImg/b0a62ca9-d779-495e-bcf7-92c880b14ef6.jpg
SKINCARE,토너,풋사과 토너,https://www.theskinfood.com/custom/goods/webImg/398dced1-fac6-49d8-80a9-21fe70806950.jpg
SKINCARE,토너,티트리 클리어링 토너,https://www.theskinfood.com/custom/goods/webImg/f283285a-a114-4f05-b9f1-fe1db0a500b9.jpg
SKINCARE,토너,유자 수분씨 토너,https://www.theskinfood.com/custom/goods/webImg/8fe554f8-be41-46ad-81df-09d8d408187e.jpg
SKINCARE,토너,골드 캐비어 콜라겐 플러스 토너,https://www.theskinfood.com/custom/goods/webImg/b1e4c2fa-3886-4839-82bb-85d6097bc668.jpg
SKINCARE,토너,로열허니 에센셜 토너,https://www.theskinfood.com/custom/goods/webImg/843bfca7-5b4b-4977-ad18-6c514f43c6d3.jpg
SKINCARE,토너,프리미엄 아보카도 리치 토너,https://www.theskinfood.com/custom/goods/webImg/1782_1(3)_m.jpg
SKINCARE,토너,미라클 푸드 10 솔루션 토너 (미백+주름개선 이중기능성 화장품),https://www.theskinfood.com/custom/goods/webImg/1776_1(3)_m.jpg
SKINCARE,토너,프리미엄 상추오이 워터리 토너,https://www.theskinfood.com/custom/goods/webImg/1756_1_m.jpg
SKINCARE,토너,로열허니 착한 토너,https://www.theskinfood.com/custom/goods/webImg/1424-4_1(2)_m.jpg
SKINCARE,토너,프리미엄 토마토 화이트닝 토너 (미백 기능성 화장품),https://www.theskinfood.com/custom/goods/webImg/1737_1(3)_m.jpg
SKINCARE,토너,흑석류 토너,https://www.theskinfood.com/custom/goods/webImg/1662_1(5)_m.jpg
SKINCARE,토너,어린잎 퓨어 양배추 토너 (논코메도용),https://www.theskinfood.com/custom/goods/webImg/1620_1(2)_m.jpg
SKINCARE,토너,어린잎 퓨어 브로콜리 토너 (민감성용),https://www.theskinfood.com/custom/goods/webImg/1614_1(2)_m.jpg
SKINCARE,토너,골드 캐비어 토너,https://www.theskinfood.com/custom/goods/webImg/980_1(4)_m.jpg
SKINCARE,토너,파슬리 앤 만다린 토너,https://www.theskinfood.com/custom/goods/webImg/890_1_m.jpg
SKINCARE,토너,피치사케 토너,https://www.theskinfood.com/custom/goods/webImg/619_D_m.jpg
SKINCARE,아이케어,복분자 토탈 링클 케어 마스크,https://www.theskinfood.com/custom/goods/webImg/104fded7-5d55-4ecd-bec9-8b6c325c9b5e.jpg
SKINCARE,아이케어,복분자 아이 크림,https://www.theskinfood.com/custom/goods/webImg/8a288d24-1faf-49b6-93e8-74ab46d53202.jpg
SKINCARE,아이케어,골드 캐비어 콜라겐 플러,https://www.theskinfood.com/custom/goods/webImg/59459d93-ce0d-435e-9825-9e5fa0fb231a.jpg
SKINCARE,아이케어,로열허니 에센셜 아이 크림 (주름개선기능성화장품),https://www.theskinfood.com/custom/goods/webImg/4a7744c8-7a99-41bb-a5be-f23c02fbe892.jpg
SKINCARE,아이케어,미라클 푸드 10 솔루션 듀얼 아이크림 (어퍼)  &amp; (언더),https://www.theskinfood.com/custom/goods/webImg/725a203a-443e-4e46-b8fa-f67137219136.jpg
SKINCARE,아이케어,블랑 펄 캐비어 아이크림 (미백+주름개선 이중기능성 화장품),https://www.theskinfood.com/custom/goods/webImg/aae78a81-8303-4971-a868-16f6720db3df.jpg
SKINCARE,아이케어,수분베리 아이크림 (주름개선 기능성 화장품),https://www.theskinfood.com/custom/goods/webImg/8d60e4f7-e0b4-48c9-a78b-cce853c9a91d.jpg
SKINCARE,아이케어,골드 캐비어 콜라겐 더블아이세럼 (주름개선 기능성 화장품),https://www.theskinfood.com/custom/goods/webImg/da1213b8-468e-4e31-b705-b616d3c0d3e3.jpg
SKINCARE,아이케어,연어 브라이트닝 아이크림 (미백 기능성 화장품),https://www.theskinfood.com/custom/goods/webImg/85a2f749-727e-49fe-a482-43ff21a7c242.jpg
SKINCARE,아이케어,골드 캐비어 리프팅 아이세럼 (주름개선 기능성 화장품),https://www.theskinfood.com/custom/goods/webImg/984_1(2)_m.jpg
SKINCARE,아이케어,복분자 아이크림 (주름개선 기능성 화장품),https://www.theskinfood.com/custom/goods/webImg/783_1(2)_m.jpg
SKINCARE,에센스/세럼,유자 수분씨 비타 아이 세럼 세트,https://www.theskinfood.com/custom/goods/webImg/364c4e23-17c7-4857-88a5-30188d871c07.jpg
SKINCARE,에센스/세럼,트러플에이지디파잉세럼 ,https://www.theskinfood.com/custom/goods/webImg/99b46076-8a4f-44d1-aeb0-12b6f3238d15.jpg
SKINCARE,에센스/세럼,유자 수분씨 화이트닝 앰플 인 세럼 대용량 (BBH),https://www.theskinfood.com/custom/goods/webImg/b1366a3b-c41d-4133-9e05-ea14803fed85.jpg
SKINCARE,에센스/세럼,블랙슈가 퍼펙트 첫세럼 2엑스 에센셜,https://www.theskinfood.com/custom/goods/webImg/f63e4a90-e394-436f-b55e-fc0043495171.jpg
SKINCARE,에센스/세럼,유자,https://www.theskinfood.com/custom/goods/webImg/322ff6ca-cd59-4357-ac61-e8afac78156f.jpg
SKINCARE,에센스/세럼,,https://www.theskinfood.com/custom/goods/webImg/7ebc4352-bdc0-47c0-9417-396b88f304f3.jpg
SKINCARE,에센스/세럼,,https://www.theskinfood.com/custom/goods/webImg/33c8ea90-e510-4bc2-b18a-aa629ecef947.jpg
SKINCARE,에센스/세럼,풋사과 에센스,https://www.theskinfood.com/custom/goods/webImg/ac3c61f1-e13c-47cb-b6a2-190e9c859d16.jpg
SKINCARE,에센스/세럼,유자 수분씨 화이트닝 앰플 인 세럼,https://www.theskinfood.com/custom/goods/webImg/aec58459-627e-4149-a2f3-5f3151fec082.jpg
SKINCARE,에센스/세럼,유자 수분씨 세럼 ,https://www.theskinfood.com/custom/goods/webImg/934157c2-832b-4719-a1c4-3c6c324c5bb2.jpg
SKINCARE,에센스/세럼,골드 캐비어 ,https://www.theskinfood.com/custom/goods/webImg/711af415-ee3f-4e7a-9652-dd7c4391ffd9.jpg
SKINCARE,에센스/세럼,블랙슈가 퍼펙트 첫세럼 2엑스 에센셜 대용량 (온라인 전용),https://www.theskinfood.com/custom/goods/webImg/9d635208-aa6f-4cfa-a797-b59c7a29a8ee.jpg
SKINCARE,에센스/세럼,로열허니 에센셜 퀸스 세럼 ,https://www.theskinfood.com/custom/goods/webImg/e7bf0fe1-97c8-4797-a9d3-977fa9d12459.jpg
SKINCARE,에센스/세럼,블랙슈가 퍼펙트 첫세럼 2X -라이트- (미백+주름 이중 기능성 화장품),https://www.theskinfood.com/custom/goods/webImg/d0ac817a-da6d-4661-a3ea-6f67b9bc2187.jpg
SKINCARE,에센스/세럼,블랙슈가 퍼펙트 첫세럼 2X -에센셜- (미백+주름 이중 기능성 화장품),https://www.theskinfood.com/custom/goods/webImg/d2abb824-4a04-4819-8003-f42a5ae51434.jpg
SKINCARE,에센스/세럼,골드 캐비어 콜라겐 플러스 세럼(주름개선 기능성 화장품),https://www.theskinfood.com/custom/goods/webImg/c082725c-b9d7-4c8b-acaf-adbd8784fae7.jpg
SKINCARE,에센스/세럼,로열허니 프로폴리스 에센스,https://www.theskinfood.com/custom/goods/webImg/572a9167-1332-4e4f-ad05-4100c9cd2250.jpg
SKINCARE,에센스/세럼,프리미엄 아보카도 리치 에센스,https://www.theskinfood.com/custom/goods/webImg/1784_1(3)_m.jpg
SKINCARE,에센스/세럼,미라클 푸드 10 솔루션 세럼 (미백+주름개선 이중기능성 화장품),https://www.theskinfood.com/custom/goods/webImg/1778_1(3)_m.jpg
SKINCARE,에센스/세럼,프리미엄 상추오이 워터리 에센스,https://www.theskinfood.com/custom/goods/webImg/1758_1_m.jpg
SKINCARE,에센스/세럼,프리미엄 토마토 화이트닝 생기 에센스 (미백 기능성 화장품),https://www.theskinfood.com/custom/goods/webImg/1739_1_m.png
SKINCARE,에센스/세럼,흑석류 볼류밍 세럼 (주름개선 기능성 화장품),https://www.theskinfood.com/custom/goods/webImg/1664_1(5)_m.jpg
SKINCARE,에센스/세럼,골드 캐비어 콜라겐 세럼 (주름개선 기능성 화장품),https://www.theskinfood.com/custom/goods/webImg/985-2_D_m.jpg
SKINCARE,에센스/세럼,골드 캐비어 세럼 (주름개선 기능성 화장품),https://www.theskinfood.com/custom/goods/webImg/982_1(2)_m.jpg
SKINCARE,에센스/세럼,골드 캐비어 콜라겐 앰플 (주름개선 기능성 화장품),https://www.theskinfood.com/custom/goods/webImg/3e60aefb-1ee5-4733-bfd1-a865794aa84a.jpg
SKINCARE,에센스/세럼,알로에 수분 원액 100,https://www.theskinfood.com/custom/goods/webImg/1049_D_m.jpg
SKINCARE,에센스/세럼,흑석류 링클 앤 라인 크림 (주름개선 기능성 화장품),https://www.theskinfood.com/custom/goods/webImg/1667-1_1_m.jpg
SKINCARE,에센스/세럼,프리미엄 토마토 화이트닝 스팟 이레이저 (미백 기능성 화장품),https://www.theskinfood.com/custom/goods/webImg/1747_1(5)_m.jpg
SKINCARE,오일/밤,유자 오일씨 수분 오일 (BBH),https://www.theskinfood.com/custom/goods/webImg/98ba6528-188b-414b-9045-b694026cd6fc.jpg
SKINCARE,오일/밤,슈퍼 뉴트리 아마 씨드 오일 밤,https://www.theskinfood.com/custom/goods/webImg/6dad46ff-e6c1-4459-aa3d-fa690b318321.jpg
SKINCARE,오일/밤,슈퍼 뉴트리 아마 씨드 오일,https://www.theskinfood.com/custom/goods/webImg/3cb4c7c0-60e7-44e7-83da-6d13272c6c73.jpg
SKINCARE,오일/밤,슈퍼 뉴트리 석류 씨드 오일,https://www.theskinfood.com/custom/goods/webImg/e55b18d9-f27a-4828-8447-6da69ae42e32.jpg
SKINCARE,오일/밤,슈퍼 뉴트리 셀러리 씨드 워터리 오일,https://www.theskinfood.com/custom/goods/webImg/51d98bd7-70c5-458d-a7bc-1d50fad4554b.jpg
SKINCARE,오일/밤,유자 오일씨 수분 오일,https://www.theskinfood.com/custom/goods/webImg/9eda55a9-299e-46c3-b451-d2ba12326f0c.jpg
SKINCARE,오일/밤,티트리 스팟 오일 키트,https://www.theskinfood.com/custom/goods/webImg/9abe83b7-10e6-4fb0-b029-bced354aa922.jpg
SKINCARE,에멀전,트러플에이지디파잉에멀전,https://www.theskinfood.com/custom/goods/webImg/adbfe256-e5a5-45fd-8b73-9d07498cb0ba.jpg
SKINCARE,에멀전,진생 열매 리바,https://www.theskinfood.com/custom/goods/webImg/6a8e47e5-796b-4aa0-980c-cff7e8b0437a.jpg
SKINCARE,에멀전,진생 열매 리바이탈 ,https://www.theskinfood.com/custom/goods/webImg/79cd0cd6-c02e-4cf6-adb2-0173657efe78.jpg
SKINCARE,에멀전,티트리 클리어링 에멀전,https://www.theskinfood.com/custom/goods/webImg/96f029bc-87c6-45d9-b3bb-1419c37312d0.jpg
SKINCARE,에멀전,유자 수분씨 에멀전,https://www.theskinfood.com/custom/goods/webImg/c844c9f2-2faf-4890-8ae7-dac1de6e8bb7.jpg
SKINCARE,에멀전,골드 캐비어 콜라겐 플러스 에멀전,https://www.theskinfood.com/custom/goods/webImg/ff17d9fa-394d-4402-aae0-cd22de6f68fd.jpg
SKINCARE,에멀전,로열허니 에센셜 에멀전,https://www.theskinfood.com/custom/goods/webImg/7bbc368e-1bfd-41f6-a5b5-b3c917a738ae.jpg
SKINCARE,에멀전,프리미엄 아보카도 리치 에멀전,https://www.theskinfood.com/custom/goods/webImg/1783_1(3)_m.jpg
SKINCARE,에멀전,미라클 푸드 10 솔루션 에멀전 (미백+주름개선 이중기능성 화장품),https://www.theskinfood.com/custom/goods/webImg/1777_1(3)_m.jpg
SKINCARE,에멀전,프리미엄 상추오이 워터리 에멀전,https://www.theskinfood.com/custom/goods/webImg/1757_1_m.jpg
SKINCARE,에멀전,로열허니 착한 에멀전,https://www.theskinfood.com/custom/goods/webImg/1424-5_1_m.jpg
SKINCARE,에멀전,프리미엄 토마토 화이트닝 에멀전 (미백 기능성 화장품),https://www.theskinfood.com/custom/goods/webImg/1738_1(3)_m.jpg
SKINCARE,에멀전,흑석류 에멀전,https://www.theskinfood.com/custom/goods/webImg/1663_1(3)_m.jpg
SKINCARE,에멀전,어린잎 퓨어 양배추 에멀전 (논코메도용),https://www.theskinfood.com/custom/goods/webImg/1621_1(2)_m.jpg
SKINCARE,에멀전,어린잎 퓨어 브로콜리 에멀전 (민감성),https://www.theskinfood.com/custom/goods/webImg/1615_1(2)_m.jpg
SKINCARE,에멀전,골드 캐비어 에멀전 (주름개선 기능성 화장품),https://www.theskinfood.com/custom/goods/webImg/981_1(4)_m.jpg
SKINCARE,에멀전,파슬리 앤 만다린 에멀전,https://www.theskinfood.com/custom/goods/webImg/891_1_m.jpg
SKINCARE,에멀전,피치사케 에멀전,https://www.theskinfood.com/custom/goods/webImg/620_D_m.jpg
SKINCARE,크림,트러플에이지디파잉크림 ,https://www.theskinfood.com/custom/goods/webImg/84629ed3-fd78-47f3-8db4-d1c5049dc188.jpg
SKINCARE,크림,유자 오,https://www.theskinfood.com/custom/goods/webImg/29c66331-5603-4811-bb62-1d2d75ce1fc7.jpg
SKINCARE,크림,로얄허니 착한 수분크림 대용량 (BBH),https://www.theskinfood.com/custom/goods/webImg/0a0dc136-9ba0-4597-a956-428a59d5d95b.jpg
SKINCARE,크림,진생 열매 리,https://www.theskinfood.com/custom/goods/webImg/e8d4d614-c178-4c3c-8041-71bca813f94c.jpg
SKINCARE,크림,로열허니 에센셜 퀸스 나이트 크림,https://www.theskinfood.com/custom/goods/webImg/4113a74c-dd11-4508-9fbc-460761d4b679.jpg
SKINCARE,크림,유자,https://www.theskinfood.com/custom/goods/webImg/5560b0a6-ba5e-4f6f-bb04-9cc4cab5c706.jpg
SKINCARE,크림,수분베리 젤 크림,https://www.theskinfood.com/custom/goods/webImg/abbcf1f0-624f-408c-8e9a-6cc5198caf67.jpg
SKINCARE,크림,센텔,https://www.theskinfood.com/custom/goods/webImg/ef22bf8d-bda8-4113-8161-0c36448ed201.jpg
SKINCARE,크림,풋사과 크림,https://www.theskinfood.com/custom/goods/webImg/f7131d3d-52a5-4b77-a66c-feb349948948.jpg
SKINCARE,크림,,https://www.theskinfood.com/custom/goods/webImg/d4e1ed3b-63b2-445b-b617-9ced2ae3144b.jpg
SKINCARE,크림,토마토 밀키 샤인 크림,https://www.theskinfood.com/custom/goods/webImg/a7df510b-5c00-4aa3-b707-167d874924a5.jpg
SKINCARE,크림,알로에 베라 93% 수딩 젤,https://www.theskinfood.com/custom/goods/webImg/5c4c06fe-895b-4628-9caf-42b78743368f.jpg
SKINCARE,크림,유자 수분씨 크림,https://www.theskinfood.com/custom/goods/webImg/13a11a22-c8d3-4f03-b560-0d9445f3b1fc.jpg
SKINCARE,크림,로열허니 프로폴리스 장벽 크림,https://www.theskinfood.com/custom/goods/webImg/38b5ce19-0a70-4874-8e7b-e534727614e7.jpg
SKINCARE,크림,로열허니 에센셜 퀸스 크림 ,https://www.theskinfood.com/custom/goods/webImg/594db41b-fe70-4f86-a41e-47175e4b30ee.jpg
SKINCARE,크림,허니 촉촉 보습 젤 90,https://www.theskinfood.com/custom/goods/webImg/13c00fd3-ce35-4b47-86ff-97d987ce8776.jpg
SKINCARE,크림,프리미엄 상추오이 더 모이스트 크림,https://www.theskinfood.com/custom/goods/webImg/1759-1_1(2)_m.jpg
SKINCARE,크림,프리미엄 토마토 화이트닝 모이스처 시너지 크림 (미백 기능성 화장품),https://www.theskinfood.com/custom/goods/webImg/48e5d16b-b49a-44f9-8876-13e63e695b00.jpg
SKINCARE,크림,골드 캐비어 콜라겐 플러스 마스크 크림 (주름개선 기능성 화장품),https://www.theskinfood.com/custom/goods/webImg/f7d815dc-05fe-4436-a22b-0362ffc5344f.jpg
SKINCARE,크림,프리미엄 아보카도 리치 크림,https://www.theskinfood.com/custom/goods/webImg/b064a1bf-976a-4f81-bf8f-4409c9255545.jpg
SKINCARE,크림,미라클 푸드 10 솔루션 크림 (미백+주름개선 이중기능성 화장품),https://www.theskinfood.com/custom/goods/webImg/fedf930b-e8d8-458c-9dc3-4c10253b6199.jpg
SKINCARE,크림,프리미엄 상추오이 워터리 크림,https://www.theskinfood.com/custom/goods/webImg/1759_1_m.jpg
SKINCARE,크림,프리미엄 토마토 화이트닝 피니셔 SPF50+ PA+++ (미백+자외선 차단 기능성 화장품),https://www.theskinfood.com/custom/goods/webImg/1746_1(14)_m.jpg
SKINCARE,크림,프리미엄 토마토 화이트닝 크림 (미백 기능성 화장품),https://www.theskinfood.com/custom/goods/webImg/1740_1(3)_m.jpg
SKINCARE,크림,로열허니 착한 수분 크림,https://www.theskinfood.com/custom/goods/webImg/3fbcab5e-51b2-45a4-9758-18fd43c4f753.jpg
SKINCARE,선케어,포어핏쿠션보틀-선SPF50+PA+++,https://www.theskinfood.com/custom/goods/webImg/cbd5a470-552b-4e4d-b1f5-52e97ccecdd8.jpg
SKINCARE,선케어,알로에 워터리 선 워터프루프 SPF50+ PA+++,https://www.theskinfood.com/custom/goods/webImg/07059253-4398-4876-9e30-e03abbfbe9a4.jpg
SKINCARE,선케어,알로에 워터리 선 데일리 SPF50+ PA+++,https://www.theskinfood.com/custom/goods/webImg/f8ad84bb-b5f5-438b-823b-c454e6c54c37.jpg
SKINCARE,선케어,알로에 쿨링 선 클리어 스틱 SPF50+ PA+++,https://www.theskinfood.com/custom/goods/webImg/ff9c2c8c-c0c0-4f87-a34d-54540f75c1d3.jpg
SKINCARE,선케어,로열허니 착한 선 젤 SPF30 PA++,https://www.theskinfood.com/custom/goods/webImg/e1f9ded0-613e-45bc-8743-3c7c6378875c.jpg
SKINCARE,선케어,알로에 쿨링 선 소프트 무스 SPF50+ PA+++,https://www.theskinfood.com/custom/goods/webImg/a372a129-d905-410b-8cd0-d6471db1abbc.jpg
SKINCARE,선케어,알로에 워터리 선 워터젤 SPF50+ PA+++,https://www.theskinfood.com/custom/goods/webImg/4c4cf992-4428-4ce1-ac91-cbfa02c27276.jpg
SKINCARE,선케어,알로에 워터리 선 노세범 SPF50+ PA+++,https://www.theskinfood.com/custom/goods/webImg/960698a2-3c18-47d3-b6f0-0261495f0259.jpg
SKINCARE,선케어,미라클 푸드 10 솔루션 선 에센스 SPF50+ PA+++,https://www.theskinfood.com/custom/goods/webImg/8fc837a7-4c19-4083-982f-c317e571d8c5.jpg
SKINCARE,선케어,토마토 선 크림 SPF36 PA++,https://www.theskinfood.com/custom/goods/webImg/fc1bd0bb-6673-4a2a-9107-503e10dacc17.jpg
SKINCARE,미스트,유자 수분씨 페이셜 미스트(대용량),https://www.theskinfood.com/custom/goods/webImg/02aa57fe-88ad-44d5-91f5-cd5dfca2e7d6.jpg
SKINCARE,미스트,유자 수분씨 페이셜 미스트,https://www.theskinfood.com/custom/goods/webImg/a9a0a207-8272-4d69-909f-de201a12eed0.jpg
SKINCARE,미스트,로열허니 에센셜 미스트,https://www.theskinfood.com/custom/goods/webImg/ad71e456-4505-49de-9eea-1daf1da94f03.jpg
SKINCARE,미스트,유자 수분씨 화이트닝 미스트,https://www.theskinfood.com/custom/goods/webImg/5a265963-9674-4ac0-b004-3be196337dd3.jpg
SKINCARE,미스트,프리미엄 토마토 화이트닝 미스트 (미백 기능성 화장품),https://www.theskinfood.com/custom/goods/webImg/1745_1(3)_m.jpg
SKINCARE,미스트,흑석류 에센스 미스트,https://www.theskinfood.com/custom/goods/webImg/1669_1(9)_m.jpg
SKINCARE,미스트,상추오이 워터 미스트,https://www.theskinfood.com/custom/goods/webImg/13ec0d72-2acd-4d1e-8028-405ed537e588.jpg
SKINCARE,세트상품,핸드폰케이스(아이폰7+)증정_로열허니착한수분크림대용량(BBH),https://www.theskinfood.com/custom/goods/webImg/955dc2ae-c8e6-4b97-bdfa-1ad4749e326e.jpg
SKINCARE,세트상품,핸드폰케이스(아이폰7)증정_로열허니착한수분크림대용량(BBH),https://www.theskinfood.com/custom/goods/webImg/c42f5a98-ddca-4893-8d50-306a4f568d7d.jpg
SKINCARE,세트상품,핸드폰케이스(아이폰6/6S)증정_로열허니착한수분크림대용량(BBH),https://www.theskinfood.com/custom/goods/webImg/6cfd3a3f-17c6-41e6-b978-62f60d366116.jpg
SKINCARE,세트상품,핸드폰케이스(아이폰6+/6S+)증정_로열허니착한수분크림대용량(BBH),https://www.theskinfood.com/custom/goods/webImg/7101b7f9-8b6c-4e87-87b6-8ee9a7f7ae16.jpg
SKINCARE,세트상품,핸드폰케이스(갤럭시노트5)증정_로열허니착한수분크림대용량(BBH),https://www.theskinfood.com/custom/goods/webImg/dcb55ac3-46e0-41d1-8bda-86713839c832.jpg
SKINCARE,세트상품,핸드폰케이스(갤럭시S7엣지)증정_로열허니착한수분크림대용량(BBH),https://www.theskinfood.com/custom/goods/webImg/d40e17c8-f0f2-4353-bee8-c09618495f9d.jpg
SKINCARE,세트상품,핸드폰케이스(갤럭시S7)증정_로열허니착한수분크림대용량(BBH),https://www.theskinfood.com/custom/goods/webImg/7f38e485-3692-4aa4-8a36-a1e82b5ffe7d.jpg
SKINCARE,세트상품,"비수리 리바이브 스페셜 세트+토너18ml,에멀전18ml",https://www.theskinfood.com/custom/goods/webImg/4197dabc-d1ff-4763-8957-d91fd74b2ce7.jpg
SKINCARE,세트상품,"헛개 에너지 스페셜 세트+토너18ml,에멀전18ml",https://www.theskinfood.com/custom/goods/webImg/b4bbc511-14ba-4157-a49a-581f8d4a61b4.jpg
MAKE UP,베이스 메이크업,소이뉴트리프라이머베이스,https://www.theskinfood.com/custom/goods/webImg/9f088a9f-547b-4d46-8ccd-19a418efd660.jpg
MAKE UP,베이스 메이크업,포어핏퓨어스킨프라이머,https://www.theskinfood.com/custom/goods/webImg/ad63d20d-a282-4a11-ac09-734b47c2b119.jpg
MAKE UP,베이스 메이크업,풋사과포어메이징프라이머젤,https://www.theskinfood.com/custom/goods/webImg/d002a9dd-c7a6-4fd7-a27f-60f8ad966014.jpg
MAKE UP,베이스 메이크업,청포도베이스(N)60호,https://www.theskinfood.com/custom/goods/optnImg/ea68fed6-febe-4305-ad1a-d10bb5f16444.jpg
MAKE UP,베이스 메이크업,블랙에그모공젤베이스,https://www.theskinfood.com/custom/goods/webImg/77073ba0-42de-4154-9ba3-7feb115931f7.jpg
MAKE UP,베이스 메이크업,비타워터틴티드모이스춰라이저1호라이트,https://www.theskinfood.com/custom/goods/optnImg/d0a78a01-bbf9-46b8-9419-a960c6d3ae6f.jpg
MAKE UP,베이스 메이크업,알로에썬BB크림SPF50(1호),https://www.theskinfood.com/custom/goods/optnImg/01e7493d-83fe-4cfb-91b1-f295354d615d.jpg
MAKE UP,베이스 메이크업,비타워터드롭CC크림SPF35,https://www.theskinfood.com/custom/goods/webImg/ec19c02d-b379-4c45-af8e-decaed8a9c05.jpg
MAKE UP,베이스 메이크업,비타워터파운BB(1호라이트),https://www.theskinfood.com/custom/goods/webImg/1718_1_m.jpg
MAKE UP,베이스 메이크업,백금포도셀에센셜BB크림1호,https://www.theskinfood.com/custom/goods/optnImg/6bf4c140-5b8f-470f-a998-447d3ee15b1e.jpg
MAKE UP,베이스 메이크업,피치사케BB크림1호,https://www.theskinfood.com/custom/goods/optnImg/1fc7b470-e5cc-47ca-b0f0-5b8172bd2e0a.jpg
MAKE UP,베이스 메이크업,머쉬룸멀티케어BB크림1호,https://www.theskinfood.com/custom/goods/optnImg/6ec6a743-aa63-4ab1-b057-27ff61535c49.jpg
MAKE UP,베이스 메이크업,알로에썬BB크림1호,https://www.theskinfood.com/custom/goods/optnImg/b2bebbec-ef80-41b6-b958-9a8cd0116275.jpg
MAKE UP,베이스 메이크업,비타핏커버라스팅쿠션SPF50+PA+++1호(라이트스킨)(BBH),https://www.theskinfood.com/custom/goods/optnImg/d07c359c-1d11-4ac8-aa2e-bf1376cf6403.jpg
MAKE UP,베이스 메이크업,비타핏포어리스쿠션SPF50+PA+++1호(라이트스킨)(BBH),https://www.theskinfood.com/custom/goods/optnImg/60578fbb-0880-4302-959c-ba94c02824b4.jpg
MAKE UP,베이스 메이크업,비타핏세럼글로우쿠션SPF50+PA+++1호(라이트스킨)(BBH),https://www.theskinfood.com/custom/goods/optnImg/ad59b73a-a89d-4a17-82ac-3b95157ec0d5.jpg
MAKE UP,베이스 메이크업,비타핏포어리스쿠션SPF50+PA+++(리필)1호(라이트스킨),https://www.theskinfood.com/custom/goods/optnImg/ac7d2d59-b2a2-4d08-a4c8-68e8e5c10c91.jpg
MAKE UP,베이스 메이크업,비타핏포어리스쿠션SPF50+PA+++1호(라이트스킨),https://www.theskinfood.com/custom/goods/optnImg/c658ac7a-86bd-4f43-9975-9275214bfdc2.jpg
MAKE UP,베이스 메이크업,비타핏세럼글로우쿠션SPF50+PA+++(리필)1호(라이트스킨),https://www.theskinfood.com/custom/goods/optnImg/779b49ef-ea62-461d-ba18-7557bf7643d4.jpg
MAKE UP,베이스 메이크업,비타핏세럼글로우쿠션SPF50+PA+++1호(라이트스킨),https://www.theskinfood.com/custom/goods/optnImg/55e19904-1dc6-477d-b480-065c145f991d.jpg
MAKE UP,베이스 메이크업,비타핏커버라스팅쿠션SPF50+PA+++(리필)1호(라이트스킨),https://www.theskinfood.com/custom/goods/optnImg/e43166b9-a8a4-40f8-825f-eedec721263a.jpg
MAKE UP,베이스 메이크업,비타핏커버라스팅쿠션SPF50+PA+++1호(라이트스킨),https://www.theskinfood.com/custom/goods/optnImg/40765e12-4b21-45b1-af65-e24950c672be.jpg
MAKE UP,베이스 메이크업,소이뉴트리파운데이션SPF20PA+C1호(쿨라이트스킨),https://www.theskinfood.com/custom/goods/optnImg/6fc22e27-ad3c-4bec-bfe1-97d094721dda.jpg
MAKE UP,베이스 메이크업,포어 핏 쿠션 보틀- 내추럴 SPF50+ PA+++,https://www.theskinfood.com/custom/goods/optnImg/5a845473-e2e2-4d89-9c07-f5cfc91a583a.jpg
MAKE UP,베이스 메이크업,포어핏퓨어스킨쿠션SPF50리필1호핑크바닐라,https://www.theskinfood.com/custom/goods/optnImg/3a2ceca2-c13b-40b6-a101-c3fb96cafd5d.jpg
MAKE UP,베이스 메이크업,청포도파운데이션(N)13호,https://www.theskinfood.com/custom/goods/optnImg/2659fb9e-67d6-488f-a603-8728cce31a62.jpg
MAKE UP,베이스 메이크업,포어핏퓨어스킨쿠션SPF501호(핑크바닐라),https://www.theskinfood.com/custom/goods/optnImg/6da45651-d0a7-46c0-be2c-6e3b2c791300.jpg
MAKE UP,베이스 메이크업,로열허니커버바운스쿠션02호(내추럴),https://www.theskinfood.com/custom/goods/webImg/1434-2_1(3)_m.jpg
MAKE UP,베이스 메이크업,로열허니커버바운스쿠션01호(라이트),https://www.theskinfood.com/custom/goods/webImg/1434-1_1(4)_m.jpg
MAKE UP,베이스 메이크업,비타 워터드롭 팩트 SPF20 PA+,https://www.theskinfood.com/custom/goods/optnImg/98549f22-4310-414e-a3cd-0a3f8cf15fef.jpg
MAKE UP,베이스 메이크업,흑석류 볼륨 팩트,https://www.theskinfood.com/custom/goods/optnImg/fae62ebf-5ee3-4a3c-835c-9703abf51bfd.jpg
MAKE UP,베이스 메이크업,청포도라이트팩트(N)21호,https://www.theskinfood.com/custom/goods/optnImg/0ec88e4a-1a6d-4ee8-9d8e-c001e1d53966.jpg
MAKE UP,베이스 메이크업,피치사케포어팩트,https://www.theskinfood.com/custom/goods/webImg/844fce2d-a755-426a-b019-6a66b81d9cca.jpg
MAKE UP,베이스 메이크업,골드캐비어모이스트피팅케익1호,https://www.theskinfood.com/custom/goods/optnImg/a20532f2-77c5-4c2e-ba1b-6d299d16ff42.jpg
MAKE UP,베이스 메이크업,피치사케 실키 피니시 파우더,https://www.theskinfood.com/custom/goods/webImg/25075828-0218-4f17-8d18-ef3339d246c9.jpg
MAKE UP,베이스 메이크업,백위트 루스 파우더,https://www.theskinfood.com/custom/goods/optnImg/a042b4b2-9eae-41af-8f35-96f945ba2577.jpg
MAKE UP,베이스 메이크업,미네랄 아이 컬러 프라이머,https://www.theskinfood.com/custom/goods/webImg/0e406451-bbb2-44b3-916b-ec1d28e1d240.jpg
MAKE UP,베이스 메이크업,비타 워터 스테인 컨실러,https://www.theskinfood.com/custom/goods/optnImg/b1f72ae8-c40a-47fa-96be-894b2e92777c.jpg
MAKE UP,베이스 메이크업,비타워터컨실라이팅쿠션SPF40(1호라이트스킨),https://www.theskinfood.com/custom/goods/optnImg/93c103ad-232e-40a4-831d-336d7cc7fe83.jpg
MAKE UP,베이스 메이크업,연어 다크서클 컨실러 크림,https://www.theskinfood.com/custom/goods/optnImg/b2dca0e6-9fd9-4293-9d10-a743604ab4e2.jpg
MAKE UP,베이스 메이크업,라이스 컨실러 팁,https://www.theskinfood.com/custom/goods/optnImg/a61931cf-fe0d-4f6b-85f0-d74b818360ac.jpg
MAKE UP,베이스 메이크업,바나나 컨실러 스틱,https://www.theskinfood.com/custom/goods/optnImg/f86a3dce-46d7-4dd4-9110-ad899aba85d9.jpg
MAKE UP,컬러 메이크업,생과일 착즙 블러셔,https://www.theskinfood.com/custom/goods/optnImg/23e890e6-d2e2-465a-bf84-90fc179e7f71.jpg
MAKE UP,컬러 메이크업,슈가 스틱 컨투어링,https://www.theskinfood.com/custom/goods/optnImg/0f6c79e1-bb48-4c56-b82c-965a0f8cd62b.jpg
MAKE UP,컬러 메이크업,슈가 믹스 하이라이터 (라이트 컵케익),https://www.theskinfood.com/custom/goods/webImg/16f38884-020a-468e-8664-cd85a895b2d2.jpg
MAKE UP,컬러 메이크업,슈가 믹스 쉐이딩 (다이어트 쿠키),https://www.theskinfood.com/custom/goods/webImg/d04beddb-dad4-499a-b346-c1b75866a550.jpg
MAKE UP,컬러 메이크업,슈가 스틱 치크,https://www.theskinfood.com/custom/goods/optnImg/225035fc-d79c-4ff4-88e7-19cdaf05bce0.jpg
MAKE UP,컬러 메이크업,로즈 에센스 소프트 크림 블러셔,https://www.theskinfood.com/custom/goods/optnImg/8bad169c-89f6-4909-88ac-b0ea43786236.jpg
MAKE UP,컬러 메이크업,미네랄 3 in 1 하드포뮬라 브로우,https://www.theskinfood.com/custom/goods/optnImg/6b1f7206-00bc-448a-9e88-6a1d53eadfd0.jpg
MAKE UP,컬러 메이크업,미네랄 잉크 브로우,https://www.theskinfood.com/custom/goods/optnImg/bb7a4c05-3e0c-4ffc-9786-aa3bec7f9033.jpg
MAKE UP,컬러 메이크업,미네랄 컬러 픽스 브로우 마스카라,https://www.theskinfood.com/custom/goods/optnImg/72dfebcb-d341-48fe-870a-b3837f42f0a2.jpg
MAKE UP,컬러 메이크업,초코 파우더 아이브로우 우드펜슬,https://www.theskinfood.com/custom/goods/optnImg/8adb1d24-74d3-408e-b207-a9b6b9a18277.jpg
MAKE UP,컬러 메이크업,초코 아이브로우 파우더케익,https://www.theskinfood.com/custom/goods/optnImg/c4efae33-8516-4403-9a6d-798b2870f921.jpg
MAKE UP,컬러 메이크업,블랙빈 아이브로우 펜슬,https://www.theskinfood.com/custom/goods/optnImg/70760e79-e497-4ea7-848c-868a4bf43424.jpg
MAKE UP,컬러 메이크업,미네랄 슈가 블렌드 아이즈,https://www.theskinfood.com/custom/goods/optnImg/ee55718c-b04a-4d5b-a1c1-bd53287ff7ed.jpg
MAKE UP,컬러 메이크업,원 포 아이,https://www.theskinfood.com/custom/goods/optnImg/eb3e6d33-9b18-4233-988b-3ef2c0f9c5c6.jpg
MAKE UP,컬러 메이크업,미네랄 슈가 트리플 섀도우 7호 라즈베리 타르트 ,https://www.theskinfood.com/custom/goods/webImg/466bd80e-88a8-45e2-8a17-0d26fee93053.jpg
MAKE UP,컬러 메이크업,미네랄 슈가 트리플 섀도우 6호 핑크 애쉬 브라운,https://www.theskinfood.com/custom/goods/webImg/1769-2_1(2)_m.jpg
MAKE UP,컬러 메이크업,미네랄 슈가 트리플 섀도우 5호 코랄 브라운,https://www.theskinfood.com/custom/goods/webImg/1769-1_1(2)_m.jpg
MAKE UP,컬러 메이크업,미네랄 슈가 트리플 섀도우 4호 플럼 브라운,https://www.theskinfood.com/custom/goods/webImg/1769_1_m.jpg
MAKE UP,컬러 메이크업,미네랄 슈가 트리플 섀도우 3호 옐로우 카키,https://www.theskinfood.com/custom/goods/webImg/1768_1_m.jpg
MAKE UP,컬러 메이크업,미네랄 슈가 트리플 섀도우 2호 베이킹 브라운,https://www.theskinfood.com/custom/goods/webImg/1767_1_m.jpg
MAKE UP,컬러 메이크업,미네랄 슈가 트리플 섀도우 1호 골든 브라운,https://www.theskinfood.com/custom/goods/webImg/1766_1_m.jpg
MAKE UP,컬러 메이크업,미네랄 래쉬라이너 로스팅-워터프루프 컬러래스팅,https://www.theskinfood.com/custom/goods/optnImg/228019ab-1bf3-4a06-bdc7-e6296f66a9aa.jpg
MAKE UP,컬러 메이크업,미네랄 래쉬라이너 스파클링 - 워터프루프 라인 앤 섀도우,https://www.theskinfood.com/custom/goods/optnImg/16c6ebbf-8cbd-48e2-8348-6d7c72d45bd6.jpg
MAKE UP,컬러 메이크업,미네랄 래쉬라이너 스머지프루프 &amp; 소프트 슬라이딩,https://www.theskinfood.com/custom/goods/optnImg/c377fb38-5ae6-4951-b33f-fde961572f41.jpg
MAKE UP,컬러 메이크업,비바 워터프루프 아이라이너,https://www.theskinfood.com/custom/goods/optnImg/71691039-c076-40e0-9659-794bf1db3d73.jpg
MAKE UP,컬러 메이크업,초코스모키 워터프루프 아이라인 잼,https://www.theskinfood.com/custom/goods/optnImg/dfb55679-8862-445c-9e57-ee4f31921311.jpg
MAKE UP,컬러 메이크업,가지 펜 아이라이너 1호 블랙,https://www.theskinfood.com/custom/goods/webImg/1106_D_m.jpg
MAKE UP,컬러 메이크업,블랙빈 아이라인 펜슬,https://www.theskinfood.com/custom/goods/optnImg/b6d8c6e4-2b10-4571-b8c9-defbb912f9a7.jpg
MAKE UP,컬러 메이크업,슈퍼넛 래쉬 앤 브로우 세럼,https://www.theskinfood.com/custom/goods/webImg/72516160-d119-46a1-a003-8a69e3d01a48.jpg
MAKE UP,컬러 메이크업,블랙빈 마스카라 픽서,https://www.theskinfood.com/custom/goods/webImg/87832c6c-98bb-46e2-ae44-6eb7406b472a.jpg
MAKE UP,컬러 메이크업,블랙빈 마스카라 베이스,https://www.theskinfood.com/custom/goods/webImg/1bf52574-8dd3-49de-b8bd-535c2dec07af.jpg
MAKE UP,컬러 메이크업,루트컬 마스카라 볼륨,https://www.theskinfood.com/custom/goods/webImg/d4b8dbde-fd46-43eb-8004-d2f64c9abbe2.jpg
MAKE UP,컬러 메이크업,루트컬 마스카라,https://www.theskinfood.com/custom/goods/optnImg/08def31d-5e4c-4568-bbce-4e30b00b666c.jpg
MAKE UP,컬러 메이크업,미네랄 래쉬 빌더 마스카라 (볼륨),https://www.theskinfood.com/custom/goods/webImg/0e60412a-9b69-4336-ba43-03fe77f8e0e1.jpg
MAKE UP,컬러 메이크업,미네랄 래쉬 세터 마스카라 (세팅),https://www.theskinfood.com/custom/goods/webImg/4ba9b6a2-7de5-4eaa-a257-66d9cda2e44c.jpg
MAKE UP,컬러 메이크업,아몬드 볼륨킹 마스카라 1호 킹블랙,https://www.theskinfood.com/custom/goods/webImg/548_D_m.jpg
MAKE UP,컬러 메이크업,비타 컬러 후르츠 롤스틱 (BBH),https://www.theskinfood.com/custom/goods/optnImg/ea5e3d76-5ff0-448c-92a0-bd1bc5b6f541.jpg
MAKE UP,컬러 메이크업,비타 컬러 딜리셔스 오일루즈,https://www.theskinfood.com/custom/goods/optnImg/31248c04-5096-4b0a-bf64-67f3bce9af73.jpg
MAKE UP,컬러 메이크업,비타 컬러 후르츠 롤스틱,https://www.theskinfood.com/custom/goods/optnImg/baff19ca-9774-4b47-96f9-514949f4ecd7.jpg
MAKE UP,컬러 메이크업,비타 컬러 딜리셔스 스트로(벨벳) ,https://www.theskinfood.com/custom/goods/optnImg/a96893e7-376b-41a2-b690-bdb4773bcefa.jpg
MAKE UP,컬러 메이크업,비타 컬러 딜리셔스 루즈 (럭스),https://www.theskinfood.com/custom/goods/optnImg/323242a3-55a2-470f-b42b-df5954b1dc24.jpg
MAKE UP,컬러 메이크업,생과일 립 앤 치크 세가지맛,https://www.theskinfood.com/custom/goods/optnImg/3fcc4bad-41c0-4316-998d-4df24d3a609e.jpg
MAKE UP,컬러 메이크업,비타 컬러 립스틱 (글로스),https://www.theskinfood.com/custom/goods/optnImg/76638c8b-1a3d-4791-b344-428b846b719f.jpg
MAKE UP,컬러 메이크업,비타 컬러 워터리 루즈 ,https://www.theskinfood.com/custom/goods/optnImg/28e76cc6-af07-4536-ab2a-e1820ff32e15.jpg
MAKE UP,컬러 메이크업,프로폴리스 너리싱 립 오일 (BBH),https://www.theskinfood.com/custom/goods/optnImg/a11b2028-58e8-44b0-8e67-ab2db0d25d62.jpg
MAKE UP,컬러 메이크업,아보카도 &amp; 허니  립 세럼 SPF 8,https://www.theskinfood.com/custom/goods/webImg/4551d7db-70f5-4c3a-989f-ee1e4c405f4b.jpg
MAKE UP,컬러 메이크업,아보카도 &amp; 슈가  립 스크럽,https://www.theskinfood.com/custom/goods/webImg/349b1ae7-079c-4ca6-a891-b6b8a4730701.jpg
MAKE UP,컬러 메이크업,아보카도 &amp; 올리브  립 밤,https://www.theskinfood.com/custom/goods/webImg/27bc4d40-552f-4dd9-b487-d4f2c67d6ecf.jpg
MAKE UP,컬러 메이크업,프로폴리스 너리싱 립 오일,https://www.theskinfood.com/custom/goods/optnImg/054a6db7-72e1-48c5-af5d-c17250999096.jpg
MAKE UP,컬러 메이크업,시어버터 립 케어 바 인텐스,https://www.theskinfood.com/custom/goods/optnImg/13438dff-0327-49e6-9e48-77255de016cf.jpg
MAKE UP,컬러 메이크업,로즈 에센스 립밤,https://www.theskinfood.com/custom/goods/optnImg/6e141e57-dcdd-4f06-b7f7-5e8d2b5820c2.jpg
MAKE UP,컬러 메이크업,허니 립 트리트먼트,https://www.theskinfood.com/custom/goods/webImg/a8a42a8b-0f11-4a0f-b1ff-bd99b0e74b0e.jpg
MAKE UP,컬러 메이크업,생과일 착즙 틴트,https://www.theskinfood.com/custom/goods/optnImg/3773c74d-77cf-4cb3-b353-09790af75e14.jpg
MAKE UP,컬러 메이크업,비타 컬러 스퀴즈 틴트,https://www.theskinfood.com/custom/goods/optnImg/a2d73626-8fa7-4c8f-b2fc-d9e0020a4c37.jpg
MAKE UP,컬러 메이크업,물감틴트,https://www.theskinfood.com/custom/goods/optnImg/797799b0-53d2-46cf-bbd4-53d35c2f288b.jpg
MAKE UP,컬러 메이크업,비타 컬러 틴트 립 오일,https://www.theskinfood.com/custom/goods/optnImg/7f263a8b-3df7-4778-8e81-94ea3fd272f3.jpg
MAKE UP,컬러 메이크업,토마토 젤리 틴트 립,https://www.theskinfood.com/custom/goods/optnImg/44b11be2-1639-4170-85c9-5c65163318f2.jpg
MAKE UP,컬러 메이크업,토마토 쿨 젤리 틴트,https://www.theskinfood.com/custom/goods/optnImg/fe989c91-ae3d-4aac-923a-4a76e2832de7.jpg
MAKE UP,네일,허니 젤네일(BBH),https://www.theskinfood.com/custom/goods/optnImg/827d2803-e705-4b20-b173-eacc095ef4f0.jpg
MAKE UP,네일,네일비타알파α그린 AGR06 향긋초저녁바질향,https://www.theskinfood.com/custom/goods/webImg/b7f3ac28-b46d-4e02-9c49-258fb1632ced.jpg
MAKE UP,네일,네일비타알파α그린 AGR07 모닝햇살허브티,https://www.theskinfood.com/custom/goods/webImg/b5c92263-50ca-4811-955e-34fd0ed36943.jpg
MAKE UP,네일,네일비타알파α그린 AGR08 온기담은완두스프,https://www.theskinfood.com/custom/goods/webImg/76e0f0db-9231-497a-b569-8ca8b436ca5b.jpg
MAKE UP,네일,네일비타알파α(푸르츠칵테일),https://www.theskinfood.com/custom/goods/optnImg/792c9953-61a3-48c3-87e2-a1aaddf6aa7c.jpg
MAKE UP,네일,과일청 네일,https://www.theskinfood.com/custom/goods/optnImg/0ad11c82-e4dd-4597-ade1-6bbed7feae49.jpg
MAKE UP,네일,네일비타 알파∝ 스윗해프닝 (ARE06 체리촉촉케익),https://www.theskinfood.com/custom/goods/webImg/9b138401-542e-4275-833e-efa06ec5eab1.jpg
MAKE UP,네일,네일비타 알파∝ 스윗해프닝 (ARE07 새콤달콤석류잼),https://www.theskinfood.com/custom/goods/webImg/b3808f20-4493-4111-a3c4-59e86491959b.jpg
MAKE UP,네일,네일비타 알파∝ 스윗해프닝 (ARE08 베리듬뿍도넛),https://www.theskinfood.com/custom/goods/webImg/aca5839f-5687-47a2-b3af-c67c064f84c3.jpg
MAKE UP,네일,네일비타 알파∝ 스윗해프닝 (ACR07 스윗소다캔디),https://www.theskinfood.com/custom/goods/webImg/407e03d5-4516-4a0b-a6ff-c5c2a48c125b.jpg
MAKE UP,네일,네일비타 알파∝ 스윗해프닝 (AOR04 톡톡자몽소다),https://www.theskinfood.com/custom/goods/webImg/e31da0d5-9156-404f-8e93-eef055d79c93.jpg
MAKE UP,네일,네일비타 알파∝ 스윗해프닝 (APK10 상큼피치에이드),https://www.theskinfood.com/custom/goods/webImg/64fdd60e-f2f6-4989-99f4-649e88800edf.jpg
MAKE UP,네일,스누피 네일 4호 씬난스누피,https://www.theskinfood.com/custom/goods/webImg/992ecebe-aa60-4552-ad04-bc876ae74442.jpg
MAKE UP,네일,스누피 네일 3호 더럽스누피,https://www.theskinfood.com/custom/goods/webImg/d1a42705-813a-4a3a-a7a5-c0f9a3ee71ae.jpg
MAKE UP,네일,스누피 네일 2호 꿀럽스누피,https://www.theskinfood.com/custom/goods/webImg/de05a505-f9cb-44cd-bfb5-582468939626.jpg
MAKE UP,네일,네일비타 알파 α (비터 스윗 마르살라),https://www.theskinfood.com/custom/goods/optnImg/f75e316b-7544-4168-82e7-b008a114ef74.jpg
MAKE UP,네일,네일비타 알파 α (마카롱),https://www.theskinfood.com/custom/goods/optnImg/네일비타 알파 α (마카롱).jpg
MAKE UP,네일,네일비타 알파 α (스파클링 와인),https://www.theskinfood.com/custom/goods/optnImg/네일비타 알파 α (스파클링 와인).jpg
MAKE UP,네일,허니 젤네일 탑코트,https://www.theskinfood.com/custom/goods/webImg/1788_1_m.jpg
MAKE UP,네일,허니 젤네일,https://www.theskinfood.com/custom/goods/optnImg/0d9c0864-f817-4377-9f29-de623f742bf4.jpg
MAKE UP,네일,네일비타 알파 α (멜로우 브라우니),https://www.theskinfood.com/custom/goods/optnImg/네일비타 알파 α (멜로우 브라우니).jpg
MAKE UP,네일,패디큐어 비타 (페스티벌),https://www.theskinfood.com/custom/goods/optnImg/패디큐어 비타 (페스티벌).jpg
MAKE UP,네일,파인넛 네일 퀵드라이 드롭,https://www.theskinfood.com/custom/goods/webImg/1229-1_1_m.jpg
MAKE UP,네일,네일비타 알파 α (Starry Night),https://www.theskinfood.com/custom/goods/optnImg/네일비타 알파 α (Starry Night).jpg
MAKE UP,네일,네일비타 알파 α 젤리 탑코트,https://www.theskinfood.com/custom/goods/webImg/1609-18_1_m.jpg
MAKE UP,네일,파인 넛 캡슐 세럼 네일,https://www.theskinfood.com/custom/goods/webImg/c7a4735e-531c-48dd-8cfc-71073653537e.jpg
MAKE UP,네일,파인 넛 아하 큐티클 트리트먼트,https://www.theskinfood.com/custom/goods/webImg/642b76a5-6137-4ec6-bcf7-9d894b7ed920.jpg
MAKE UP,네일,파인 넛 브레이크 프리 네일 영양제,https://www.theskinfood.com/custom/goods/webImg/1228_D_m.jpg
MAKE UP,네일,파인 넛 큐티클 오일,https://www.theskinfood.com/custom/goods/webImg/1227_D_m.jpg
MAKE UP,네일,네일비타 파인애플 큐티클 클리너,https://www.theskinfood.com/custom/goods/webImg/377-3_D_m.jpg
MAKE UP,네일,호호바 오일 네일에센스,https://www.theskinfood.com/custom/goods/webImg/656-1_D_m.jpg
MAKE UP,네일,아몬드 모이스처 네일에센스,https://www.theskinfood.com/custom/goods/webImg/377-1_D_m.jpg
MAKE UP,네일,올리브 큐티클 리무버 펜,https://www.theskinfood.com/custom/goods/webImg/381-1_D_m.jpg
MAKE UP,네일,파인 넛 이지 딥핑 네일 리무버,https://www.theskinfood.com/custom/goods/webImg/1229-2_1_m.jpg
MAKE UP,네일,파인 넛 센스티브 네일 리무버,https://www.theskinfood.com/custom/goods/webImg/1229_D_m.jpg
MAKE UP,네일,네일 자몽 리무버,https://www.theskinfood.com/custom/goods/webImg/380-2_D_m.jpg
MAKE UP,네일,네일 라벤더 리무버,https://www.theskinfood.com/custom/goods/webImg/380_D_m.jpg
MAKE UP,네일,이지 드라이 데칼 네일 스티커 5호 딜리셔스푸드파티 (BBH),https://www.theskinfood.com/custom/goods/webImg/b41b1c4d-40cc-4b23-b711-cc98dc8562e5.jpg
MAKE UP,네일,이지 드라이 데칼 네일 스티커 6호 해브펀투나잇 (BBH),https://www.theskinfood.com/custom/goods/webImg/27d17da1-4995-4249-b9c8-49112da0606b.jpg
MAKE UP,네일,이지 타투 스티커,https://www.theskinfood.com/custom/goods/webImg/6e763510-36f7-4190-bf7e-021a779ee6e0.jpg
MAKE UP,네일,이지 드라이 데칼 네일 스티커(4호 과일속살),https://www.theskinfood.com/custom/goods/webImg/442b458d-3afb-4adf-8183-e172ae032776.jpg
MAKE UP,네일,이지 드라이 데칼 네일 스티커,https://www.theskinfood.com/custom/goods/webImg/8ac59db8-ced0-4058-8f0e-3b896fc43b6f.jpg
MAKE UP,네일,네일 푸셔,https://www.theskinfood.com/custom/goods/webImg/6d99828d-ace2-4ff1-92b6-728474de5311.jpg
MAKE UP,네일,네일 니퍼,https://www.theskinfood.com/custom/goods/webImg/a6280066-8091-4b77-b4b4-c3cfcd12bba0.jpg
MAKE UP,네일,글리터링 스톤 스티커 (스터드 타입),https://www.theskinfood.com/custom/goods/optnImg/3aa096a2-75ef-4866-9f8f-60d8800af6a3.jpg
MAKE UP,네일,프리미엄 손톱깎이,https://www.theskinfood.com/custom/goods/webImg/390-11_1_m.jpg
MAKE UP,네일,이지 네일 스티커 (페스티벌),https://www.theskinfood.com/custom/goods/webImg/441-14_1_m.jpg
MAKE UP,네일,글리터링 스톤 스티커,https://www.theskinfood.com/custom/goods/optnImg/글리터링 스톤 스티커.jpg
MAKE UP,네일,이지 네일 라인 테이프,https://www.theskinfood.com/custom/goods/optnImg/이지 네일 라인 테이프.jpg
MAKE UP,네일,네일 그라데이션 스펀지,https://www.theskinfood.com/custom/goods/webImg/442-16_1_m.jpg
MAKE UP,네일,닷팅툴,https://www.theskinfood.com/custom/goods/webImg/442-15_1(3)_m.jpg
MAKE UP,네일,네일 컬러 쉐이킹 볼,https://www.theskinfood.com/custom/goods/webImg/390-15_1_m.jpg
MAKE UP,네일,이지 룩 스티커 3호,https://www.theskinfood.com/custom/goods/webImg/440-3_1_m.jpg
MAKE UP,네일,이지 미러 스티커 5호,https://www.theskinfood.com/custom/goods/webImg/443-4_1_m.jpg
MAKE UP,네일,이지 미러 스티커 4호,https://www.theskinfood.com/custom/goods/webImg/443-3_1_m.jpg
MAKE UP,네일,이지 미러 스티커 3호,https://www.theskinfood.com/custom/goods/webImg/443-2_1_m.jpg
MAKE UP,네일,네일 스톤 픽커,https://www.theskinfood.com/custom/goods/webImg/442-14_D_m.jpg
MAKE UP,네일,샤이니 네일 스톤 3호,https://www.theskinfood.com/custom/goods/webImg/442-12_D_m.jpg
MAKE UP,네일,샤이니 네일 스톤 2호,https://www.theskinfood.com/custom/goods/webImg/442-11_D_m.jpg
MAKE UP,네일,샤이니 네일 스톤 1호,https://www.theskinfood.com/custom/goods/webImg/442-10_D_m.jpg
MAKE UP,네일,큐티클 푸셔,https://www.theskinfood.com/custom/goods/webImg/442-1_D_m.jpg
MAKE UP,네일,네일 밀대,https://www.theskinfood.com/custom/goods/webImg/397-6 _D_m.jpg
MAKE UP,화장소품,프리미엄 젤 아이라이너 브러쉬,https://www.theskinfood.com/custom/goods/webImg/57abd0b9-f882-4395-b944-3ae98e36fd04.jpg
MAKE UP,화장소품,프리미엄 오토 립 브러쉬 ,https://www.theskinfood.com/custom/goods/webImg/fbde5681-d708-43d2-a94c-11f0f7d32afd.jpg
MAKE UP,화장소품,프리미엄 아이브로우 사선 브러쉬 ,https://www.theskinfood.com/custom/goods/webImg/209ab8a6-ceb8-474d-bc54-b8083d9497d8.jpg
MAKE UP,화장소품,프리미엄 아이섀도우 브러쉬 미디움,https://www.theskinfood.com/custom/goods/webImg/d8981802-f4ec-4888-bf89-84a8ba2af4c5.jpg
MAKE UP,화장소품,프리미엄 컨실러 브러쉬 ,https://www.theskinfood.com/custom/goods/webImg/b847b426-06b9-4e70-8663-75d8694a0ba4.jpg
MAKE UP,화장소품,스푼 파운데이션 브러쉬,https://www.theskinfood.com/custom/goods/webImg/5787d3c0-ee60-414a-bf30-bae18c77021e.jpg
MAKE UP,화장소품,실리콘 멀티 브러쉬,https://www.theskinfood.com/custom/goods/webImg/f1dc26ca-8290-49ff-b687-bd23dc9bd335.jpg
MAKE UP,화장소품,프리미엄 파운데이션 드롭 브러쉬,https://www.theskinfood.com/custom/goods/webImg/1795d98b-ea90-465e-ae8b-4f91a4687c10.jpg
MAKE UP,화장소품,프리미엄 하이라이터 브러쉬,https://www.theskinfood.com/custom/goods/webImg/17fe4bee-ecab-400e-8337-788e6c80e22a.jpg
MAKE UP,화장소품,프리미엄 쉐이딩 &amp; 치크 브러쉬,https://www.theskinfood.com/custom/goods/webImg/560c9606-e52a-47b3-9682-177e09446be3.jpg
MAKE UP,화장소품,프리미엄 터치 듀얼 섀도우 브러쉬,https://www.theskinfood.com/custom/goods/webImg/391-6_D_m.jpg
MAKE UP,화장소품,프리미엄 터치 펄 브러쉬,https://www.theskinfood.com/custom/goods/webImg/391-4_D_m.jpg
MAKE UP,화장소품,프리미엄 터치 컨실러 브러쉬,https://www.theskinfood.com/custom/goods/webImg/391-7_D_m.jpg
MAKE UP,화장소품,프리미엄 터치 치크 브러쉬,https://www.theskinfood.com/custom/goods/webImg/391-3_D_m.jpg
MAKE UP,화장소품,슈가 쿠키 블러쉬 브러쉬,https://www.theskinfood.com/custom/goods/webImg/397-11_D_m.jpg
MAKE UP,화장소품,아이브로우 브러쉬,https://www.theskinfood.com/custom/goods/webImg/397-9_D_m.jpg
MAKE UP,화장소품,아이라이너 브러쉬,https://www.theskinfood.com/custom/goods/webImg/397-5_D_m.jpg
MAKE UP,화장소품,브러쉬,https://www.theskinfood.com/custom/goods/optnImg/393_D_m.jpg
MAKE UP,화장소품,치크 브러쉬,https://www.theskinfood.com/custom/goods/webImg/392_D_m.jpg
MAKE UP,화장소품,웨지퍼프대용량,https://www.theskinfood.com/custom/goods/webImg/f18fceda-ffd0-4272-8a14-b04853ab678c.jpg
MAKE UP,화장소품,포어 핏 쿠션 보틀 스킨셀 퍼프,https://www.theskinfood.com/custom/goods/webImg/400-14_1_m.jpg
MAKE UP,화장소품,피치사케 포어 팩트 퍼프,https://www.theskinfood.com/custom/goods/webImg/399-13_1_m.jpg
MAKE UP,화장소품,퍼펙트 피팅 퍼프,https://www.theskinfood.com/custom/goods/webImg/400-13_1(3)_m.jpg
MAKE UP,화장소품,스킨셀 퍼프,https://www.theskinfood.com/custom/goods/webImg/400-12_1_m.jpg
MAKE UP,화장소품,소프트 NBR 퍼프,https://www.theskinfood.com/custom/goods/webImg/400-10_D_m.jpg
MAKE UP,화장소품,압축 후로킹 퍼프,https://www.theskinfood.com/custom/goods/webImg/399-5_D_m.jpg
MAKE UP,화장소품,NBR 앵글 퍼프,https://www.theskinfood.com/custom/goods/webImg/399-8_D_m.jpg
MAKE UP,화장소품,웨지퍼프,https://www.theskinfood.com/custom/goods/webImg/2154f730-64d9-4c17-a189-527967df7081.jpg
MAKE UP,화장소품,초극세사 퍼프,https://www.theskinfood.com/custom/goods/webImg/399-4_D_m.jpg
MAKE UP,화장소품,후로킹퍼프,https://www.theskinfood.com/custom/goods/webImg/400_D_m.jpg
MAKE UP,화장소품,보아퍼프,https://www.theskinfood.com/custom/goods/webImg/398_D_m.jpg
MAKE UP,화장소품,스킨팩 전용 밀착 화장솜,https://www.theskinfood.com/custom/goods/webImg/05aa084d-3dfb-4d90-bf9c-28327c73ccea.jpg
MAKE UP,화장소품,100% 순면 원형 화장솜,https://www.theskinfood.com/custom/goods/webImg/393e51e3-10e1-4347-835b-1298fda01303.jpg
MAKE UP,화장소품,소프트 면봉,https://www.theskinfood.com/custom/goods/webImg/390-12_1_m.jpg
MAKE UP,화장소품,코튼 화장솜,https://www.theskinfood.com/custom/goods/webImg/383-3_D_m.jpg
MAKE UP,화장소품,화이트 엠보화장솜,https://www.theskinfood.com/custom/goods/webImg/383-2_D_m.jpg
MAKE UP,화장소품,마일드 실키 코튼,https://www.theskinfood.com/custom/goods/webImg/384-1_D_m.jpg
MAKE UP,화장소품,소프트 티슈 화장솜,https://www.theskinfood.com/custom/goods/webImg/384-2_D_m.jpg
MAKE UP,화장소품,쌍꺼풀 테이프 5매,https://www.theskinfood.com/custom/goods/webImg/bb3fafc4-31d7-4132-974e-685d78d39f53.jpg
MAKE UP,화장소품,접이식 눈썹 칼 ,https://www.theskinfood.com/custom/goods/webImg/1aedee37-b2d1-41eb-8ecc-98f5df9d18ea.jpg
MAKE UP,화장소품,인생 눈썹 바라기 키트,https://www.theskinfood.com/custom/goods/webImg/820f2e04-b447-482a-a724-84b147c74eea.jpg
MAKE UP,화장소품,소프트 아이래쉬 컬,https://www.theskinfood.com/custom/goods/webImg/4fdb573a-9295-4a9e-bc07-8c76ad3886c2.jpg
MAKE UP,화장소품,래쉬 페이커,https://www.theskinfood.com/custom/goods/optnImg/2c69810d-3d45-42fb-b434-9c3228467f6f.jpg
MAKE UP,화장소품,오일 컨트롤 필름,https://www.theskinfood.com/custom/goods/webImg/382-2_1_m.jpg
MAKE UP,화장소품,듀얼 펜슬 샤프너,https://www.theskinfood.com/custom/goods/webImg/389-4_1_m.jpg
MAKE UP,화장소품,럭셔리 c컬 아이래쉬 컬러,https://www.theskinfood.com/custom/goods/webImg/390-8_D_m.jpg
MAKE UP,화장소품,회덕칼 1P,https://www.theskinfood.com/custom/goods/webImg/385-1_D_m.jpg
MAKE UP,화장소품,내추럴프레시 오일 페이퍼,https://www.theskinfood.com/custom/goods/webImg/382-1_D_m.jpg
MAKE UP,화장소품,미니섀도우팁,https://www.theskinfood.com/custom/goods/webImg/397-2_D_m.jpg
MAKE UP,화장소품,펜슬샤프너,https://www.theskinfood.com/custom/goods/webImg/397-1_D_m.jpg
MAKE UP,화장소품,바디 마사저,https://www.theskinfood.com/custom/goods/webImg/390-14_1(2)_m.jpg
MAKE UP,화장소품,모공 브러쉬 S,https://www.theskinfood.com/custom/goods/webImg/390-13_1(9)_m.jpg
MAKE UP,화장소품,헤어 매직 패드,https://www.theskinfood.com/custom/goods/optnImg/헤어 매직 패드.jpg
MAKE UP,화장소품,헤어밴드,https://www.theskinfood.com/custom/goods/webImg/387-3_D_m.jpg
MAKE UP,화장소품,소프트 바디면도기,https://www.theskinfood.com/custom/goods/webImg/390-6_D_m.jpg
MAKE UP,화장소품,생크림 샤워볼,https://www.theskinfood.com/custom/goods/webImg/390-5_D_m.jpg
MAKE UP,화장소품,클렌징 퍼프,https://www.theskinfood.com/custom/goods/webImg/399-2_D_m.jpg
MAKE UP,화장소품,마스크 시트 7P,https://www.theskinfood.com/custom/goods/webImg/bb2c4f8b-7e4e-4ca9-8e0b-79c7731d1c94.jpg
MAKE UP,화장소품,미용 가위,https://www.theskinfood.com/custom/goods/webImg/6d626185-4017-4ae5-8bcd-8b3457aa92e6.jpg
MAKE UP,화장소품,네일 밀대,https://www.theskinfood.com/custom/goods/webImg/a0808e0b-455a-4583-a320-a4cb84d5fb9f.jpg
MAKE UP,화장소품,도넛 헤어 밴드,https://www.theskinfood.com/custom/goods/webImg/5796632d-f371-44bc-ac84-5b88b864f30d.jpg
MAKE UP,화장소품,헤어말이 롤,https://www.theskinfood.com/custom/goods/webImg/8a9eea72-41ab-4180-bf66-73bf3ea00600.jpg
MAKE UP,화장소품,시크릿 볼륨 헤어핀,https://www.theskinfood.com/custom/goods/webImg/8370c55b-f616-47df-974f-12c964ad1afe.jpg
MAKE UP,화장소품,슈니발렌 밤 브러쉬,https://www.theskinfood.com/custom/goods/webImg/a26c96c8-1d79-469d-95bd-812bcd12501a.jpg
MAKE UP,화장소품,미스트 공용기,https://www.theskinfood.com/custom/goods/webImg/397-16_1_m.jpg
MAKE UP,화장소품,네일&amp;아이 리무버 공용기,https://www.theskinfood.com/custom/goods/webImg/397-15_D_m.jpg
MAKE UP,화장소품,족집게,https://www.theskinfood.com/custom/goods/webImg/386_D_m.jpg
BODY/HAIR,바디,인텐시브 시어버터 크림 워시 (BBH),https://www.theskinfood.com/custom/goods/webImg/2870fd46-0229-41be-9d4b-8ce7d0d4185e.jpg
BODY/HAIR,바디,인텐시브 시어버터 크림 인 샤워,https://www.theskinfood.com/custom/goods/webImg/b37fcaee-3d06-46bd-82d8-c93542c36422.jpg
BODY/HAIR,바디,인텐시브 시어버터 크림 워시,https://www.theskinfood.com/custom/goods/webImg/b9048f0e-25f7-4717-896c-5115a6fa72db.jpg
BODY/HAIR,바디,로즈 앤 티 센티드 바디 워시 ,https://www.theskinfood.com/custom/goods/webImg/02bcb78b-2f3e-4c6a-bf4e-1a12c3c5b551.jpg
BODY/HAIR,바디,포도씨 오일 바디 워시,https://www.theskinfood.com/custom/goods/webImg/0305dc23-634e-44f8-970c-8959ff3c6fa6.jpg
BODY/HAIR,바디,레몬 버베나 바디 워시,https://www.theskinfood.com/custom/goods/webImg/0ef409f4-e925-4b9c-94b1-3028ec5e31b3.jpg
BODY/HAIR,바디,허니&amp;슈가 젤리 바디 스크럽,https://www.theskinfood.com/custom/goods/webImg/e5f3eb7d-43ee-49f0-85fd-5d10879e4784.jpg
BODY/HAIR,바디,피치&amp;씨드 젤리 바디 스크럽,https://www.theskinfood.com/custom/goods/webImg/fa19ccdd-af9c-4a4f-a467-17717acac1ac.jpg
BODY/HAIR,바디,허니 리치 바디 워시,https://www.theskinfood.com/custom/goods/webImg/9806e79a-7aa7-4cdb-b684-11b89ac5f2e2.jpg
BODY/HAIR,바디,퀴노아 리치 바디 워시,https://www.theskinfood.com/custom/goods/webImg/50d96a4b-dffb-48a5-9879-bdf68669c54b.jpg
BODY/HAIR,바디,인텐시브 시어버터 크림 로션 (BBH),https://www.theskinfood.com/custom/goods/webImg/327b95a7-5d32-42c2-bf6e-772a35a33aed.jpg
BODY/HAIR,바디,인텐시브 시어버터 크림 인 오일,https://www.theskinfood.com/custom/goods/webImg/68f6a7dc-0cbd-4f77-a0c1-bce64f315371.jpg
BODY/HAIR,바디,인텐시브 시어버터 크림,https://www.theskinfood.com/custom/goods/webImg/27d9fcb5-b08e-42f1-8975-96f9e0131314.jpg
BODY/HAIR,바디,인텐시브 시어버터 크림 로션,https://www.theskinfood.com/custom/goods/webImg/e39e4186-c63c-4f61-bef8-ec803ed8f785.jpg
BODY/HAIR,바디,로즈 앤 티 센티드 바디 밀크,https://www.theskinfood.com/custom/goods/webImg/f3809c88-ec07-4335-97ee-26c449bd162a.jpg
BODY/HAIR,바디,포도씨 오일 바디 로션,https://www.theskinfood.com/custom/goods/webImg/df28ea47-52b0-44dd-ab8b-7307b584da82.jpg
BODY/HAIR,바디,포도씨 오일 바디 코팅 크림,https://www.theskinfood.com/custom/goods/webImg/31a1c616-0d07-4dae-9e44-a172f1b49f6c.jpg
BODY/HAIR,바디,레몬 버베나 바디 로션,https://www.theskinfood.com/custom/goods/webImg/d7686021-6235-4782-a094-a17c3d9498b1.jpg
BODY/HAIR,바디,밀크 모이스처 바디 에멀전,https://www.theskinfood.com/custom/goods/webImg/955ed132-5c2c-42d2-9dae-f3fe5ce10b75.jpg
BODY/HAIR,바디,허니 리치 바디 미스트,https://www.theskinfood.com/custom/goods/webImg/d4aadf21-7f64-4965-a0f4-19412f34a5b8.jpg
BODY/HAIR,바디,허니 리치 바디 크림,https://www.theskinfood.com/custom/goods/webImg/e71014d3-b64d-4305-b6e1-114e34d82db8.jpg
BODY/HAIR,바디,허니 리치 바디 에센스,https://www.theskinfood.com/custom/goods/webImg/839f4e9d-f74c-4b75-8014-346564c848a0.jpg
BODY/HAIR,바디,시어버터 바디 미스트,https://www.theskinfood.com/custom/goods/webImg/ba8dfbcf-7476-4bfc-b2b9-c8dfa0febaec.jpg
BODY/HAIR,바디,알로에 멀티 수딩 젤,https://www.theskinfood.com/custom/goods/webImg/dcb87525-318a-4ff4-9545-8696965e6f8e.jpg
BODY/HAIR,바디,퀴노아 리치 바디크림,https://www.theskinfood.com/custom/goods/webImg/e9ad0985-305d-40d1-9410-4cffd19de9a8.jpg
BODY/HAIR,바디,퀴노아 리치 바디오일,https://www.theskinfood.com/custom/goods/webImg/8795e45e-09e0-4f62-9bee-af1a8c76dd13.jpg
BODY/HAIR,바디,퀴노아 리치 바디밀크,https://www.theskinfood.com/custom/goods/webImg/aa1f6509-c28b-4d10-ba9c-d154322f3971.jpg
BODY/HAIR,바디,시어버터 퍼,https://www.theskinfood.com/custom/goods/webImg/87c91c84-21da-48bf-a26e-7126845794a8.jpg
BODY/HAIR,바디,시어버터 퍼,https://www.theskinfood.com/custom/goods/webImg/17fda6e7-0a76-49e2-9e29-87fd9ae4bd8b.jpg
BODY/HAIR,바디,시어버터 퍼,https://www.theskinfood.com/custom/goods/webImg/73a3ffb7-f884-4f13-8156-7dcfa8a61dba.jpg
BODY/HAIR,바디,민트 스파클링 풋 스크럽,https://www.theskinfood.com/custom/goods/webImg/338bcb7b-9236-49cd-bdf6-b97557ad2fa2.jpg
BODY/HAIR,바디,민트 스파클링 풋 미스트,https://www.theskinfood.com/custom/goods/webImg/f3883d2b-8f4f-4719-90e8-ad2b1984aebd.jpg
BODY/HAIR,바디,민트 스파클링 풋 필링 삭스,https://www.theskinfood.com/custom/goods/webImg/a2eaef86-832d-4d1d-959b-ca0c46bcb6a9.jpg
BODY/HAIR,바디,시어 버터 퍼퓸드 핸드 크림,https://www.theskinfood.com/custom/goods/optnImg/f7ded4f8-4dd3-4758-84e0-ab0e35933e3c.jpg
BODY/HAIR,바디,구미 베어 젤리 핸드,https://www.theskinfood.com/custom/goods/optnImg/5ecde8d7-3644-4625-99c9-48638ec7d612.jpg
BODY/HAIR,바디,렛츠 밀키 밀크 핸드 클렌저 ,https://www.theskinfood.com/custom/goods/webImg/fc31edf6-81b2-45c2-9df3-21e7d85fe8c7.jpg
BODY/HAIR,바디,로즈 &amp; 시어버터 핸드크림 SPF25 PA++,https://www.theskinfood.com/custom/goods/webImg/69b7e87e-e0c7-4496-9522-59b7694b34a5.jpg
BODY/HAIR,헤어,그린티,https://www.theskinfood.com/custom/goods/webImg/6661abf8-a67b-4563-bb92-fa53539274d1.jpg
BODY/HAIR,헤어,페퍼민트 프레쉬 두피 샴푸,https://www.theskinfood.com/custom/goods/webImg/690469c7-a8ab-4adc-a630-dc720e659a45.jpg
BODY/HAIR,헤어,아르간 오일 실크 플러스 헤어 샴푸,https://www.theskinfood.com/custom/goods/webImg/11eeb419-7f91-4c1f-9f92-f48f4fa902ba.jpg
BODY/HAIR,헤어,페퍼민트 프레쉬 두피 쿨링 마스크,https://www.theskinfood.com/custom/goods/webImg/e4d34fd6-e3b9-4a49-98f3-d3fea5f12d30.jpg
BODY/HAIR,헤어,페퍼민트 프레쉬 두피 컨디셔너,https://www.theskinfood.com/custom/goods/webImg/c03b68c4-003e-4c54-8eaf-9a75efba5b3b.jpg
BODY/HAIR,헤어,아르간 오일 리페어 플러스 트리트먼트 마스크,https://www.theskinfood.com/custom/goods/webImg/a95d3c8c-de20-40e5-a35e-f5677fac43ad.jpg
BODY/HAIR,헤어,아르간 오일 실크 플러스 헤어 마스크팩 ,https://www.theskinfood.com/custom/goods/webImg/9dc77573-95f7-4c4c-85ab-2509bd7ba3a2.jpg
BODY/HAIR,헤어,아르간 오일 실크 플러스 헤어 컨디셔너 ,https://www.theskinfood.com/custom/goods/webImg/d71eafec-aa49-42c5-b0c9-684800a7dda5.jpg
BODY/HAIR,헤어,페퍼민트 프레쉬 두피 진정 토닉,https://www.theskinfood.com/custom/goods/webImg/c507acc2-4fb4-4226-a1b4-a0c2fc7cdbdf.jpg
BODY/HAIR,헤어,아르간 오일 리페어 플러스 히트 세럼 인 오일,https://www.theskinfood.com/custom/goods/webImg/85c0dd36-0dcd-4305-91bc-23a071c64ca3.jpg
BODY/HAIR,헤어,아르간 오일 실크 플러스 헤어 에센스 ,https://www.theskinfood.com/custom/goods/webImg/66cf5bad-f238-4081-80f6-1b257a4e7508.jpg
BODY/HAIR,헤어,블랙빈 픽스 워터 스프레이,https://www.theskinfood.com/custom/goods/webImg/c159de4f-5705-4de6-81d2-039a01d51841.jpg
BODY/HAIR,헤어,블랙빈 픽스 하드 왁스,https://www.theskinfood.com/custom/goods/webImg/5d95780a-e985-4147-b792-8f7fd4ec45e4.jpg
BODY/HAIR,헤어,초콜릿 헤어 컬러 크림,https://www.theskinfood.com/custom/goods/optnImg/f85c4a47-f978-4c8d-a38b-b05fd0f9b2ed.jpg
BODY/HAIR,헤어,아르간 오일 실크 플러스 워터풀 컬업 헤어 에센스,https://www.theskinfood.com/custom/goods/webImg/f303bdb9-8c15-43c3-a2be-712efbba34c1.jpg
BODY/HAIR,헤어,헤나 나리싱 헤어젤,https://www.theskinfood.com/custom/goods/webImg/133-1_D_m.jpg
BODY/HAIR,베이비,굿파더 마일드 파우더 크림,https://www.theskinfood.com/custom/goods/webImg/1815_1_m.jpg
BODY/HAIR,베이비,굿파더 마일드 크림,https://www.theskinfood.com/custom/goods/webImg/1814_1_m.jpg
BODY/HAIR,베이비,굿파더 마일드 에멀전,https://www.theskinfood.com/custom/goods/webImg/1813_1_m.jpg
BODY/HAIR,베이비,굿파더 아,https://www.theskinfood.com/custom/goods/webImg/1812_1_m.jpg
BODY/HAIR,방향,델리모먼트 바디 퍼퓸워터 ,https://www.theskinfood.com/custom/goods/optnImg/6cf81852-1e6c-44bd-9b3a-d109257b6faf.jpg
BODY/HAIR,방향,델리,https://www.theskinfood.com/custom/goods/webImg/3e94d4b6-c467-49a5-9b2a-b4c22dff4a89.jpg
BODY/HAIR,방향,델리모먼트 드레싱 디퓨저,https://www.theskinfood.com/custom/goods/optnImg/dc1c5b4e-d5f3-4891-8995-f5f788c7c8a0.jpg
BODY/HAIR,방향,디퓨저 리드 스틱 ,https://www.theskinfood.com/custom/goods/webImg/7a965448-10eb-42c4-ba36-2a46ad5d5cea.jpg
MEN,쉐이빙/클렌징,블랙슈가 퍼펙트 클렌징 폼 포 맨,https://www.theskinfood.com/custom/goods/webImg/c2045b2a-bc7f-4453-89c1-ceee07f1668e.jpg
MEN,쉐이빙/클렌징,비어 원샷 클렌저 포맨,https://www.theskinfood.com/custom/goods/webImg/768591fc-f183-4718-bd59-74b8defa3226.jpg
MEN,쉐이빙/클렌징,수분베리 버블 클렌징 폼 포 맨,https://www.theskinfood.com/custom/goods/webImg/57701593-6c2b-4e65-9ab4-32e0a5e425d3.jpg
MEN,토너,헛개 에너지 토너 포 맨,https://www.theskinfood.com/custom/goods/webImg/3122d6d6-ab6f-43c2-9473-eb449ae700fe.jpg
MEN,토너,비수리 리바이브 토너 포 맨,https://www.theskinfood.com/custom/goods/webImg/54b61f39-1803-4a98-93eb-55ce6ab3e3ad.jpg
MEN,토너,블랙슈가 퍼펙트 토너 포 맨 (미백+주름개선 이중기능성 화장품),https://www.theskinfood.com/custom/goods/webImg/61-1_1_m.jpg
MEN,에멀전,헛개 에너지 에멀전 포 맨,https://www.theskinfood.com/custom/goods/webImg/e6d15453-7405-4f74-a023-64e962f9d76b.jpg
MEN,에멀전,비수리 리바이브 에멀전 포 맨,https://www.theskinfood.com/custom/goods/webImg/66a722f0-7753-4079-852f-3d502aad88b8.jpg
MEN,에멀전,블랙슈가 퍼펙트 에멀전 포 맨 (미백+주름개선 이중기능성 화장품),https://www.theskinfood.com/custom/goods/webImg/a504063f-9027-41bf-8dfc-996eff899bf4.jpg
MEN,플루이드,비어 원샷 수분 밸런서 포맨,https://www.theskinfood.com/custom/goods/webImg/4cb57a90-56d4-455d-94cb-3d36c3dbac14.jpg
MEN,플루이드,비어 원샷 수분 에센스 토너 포맨,https://www.theskinfood.com/custom/goods/webImg/7726c33b-2dad-442e-a721-ac004f0481b4.jpg
MEN,플루이드,백차 화이트닝 플루이드 포 맨,https://www.theskinfood.com/custom/goods/webImg/61af8e45-2534-4b81-9a55-99829de0c5fc.jpg
MEN,플루이드,양배추 오일 컨트롤 플루이드 포맨,https://www.theskinfood.com/custom/goods/webImg/8a356e05-e384-48d9-9d3b-53fbc22c0eda.jpg
MEN,플루이드,자작나무 수액 수분 플루이드 포맨,https://www.theskinfood.com/custom/goods/webImg/deb33371-86c7-450c-9aa6-fed7c2361831.jpg
MEN,에센스/크림,헛개 에너지 크림 포 맨,https://www.theskinfood.com/custom/goods/webImg/9e12697e-a35a-4bb1-abbe-9891dd1291c3.jpg
MEN,메이크업/선케어,수박줄무늬위장크림SP,https://www.theskinfood.com/custom/goods/webImg/634a1535-dbf9-4d4e-86b6-67a788107abe.jpg
